1916.3,1344.7,611.6,1126,537.28,1420.7,2812.1,1685.4,743.2,282.16,1800,483.88,440.72,1073.8,368.28,259.68,1071.7,1841.9,3074.7,538.08,608.44,395,1860.2,1007.8
1943.5,3066.3,1087.6,1564.2,328.6,2908.2,4014.9,2072.8,1133.8,990.72,1040.5,1389.2,396.04,1443.7,404.28,281.08,362.84,2355.9,2676.5,1493.2,566.76,368.68,1205.9,1571.5
2968.5,2381.1,541.88,922.48,362.88,1665.2,4672.5,2591.8,434.12,2350.4,1044.6,1832.4,397.72,1519.3,236.44,179.84,417.88,1699.8,1328.6,3029.6,596.6,354.52,591.96,3463.5
3277.4,1875.7,567.4,4638.3,350.48,1589.8,4432.2,2119.6,395.6,2622.1,2273.1,3486.7,353.36,1452.2,405.96,259.04,369.44,1692.8,507.6,2484.7,592.84,741.76,631.08,2281.8
2917.4,1883.4,579.72,3120.6,331.64,2332.7,2588,1397.8,379,1999,1046.2,1953.2,399.44,427.4,360.36,249.52,272.12,812.52,464.08,1247.6,579,1382.1,1035.4,1300.1
2975.6,2261.3,894.68,873.48,343.48,3771.3,1195.2,1250.6,375.96,1135.6,1591.5,1008,352.16,500.28,370.88,184.44,327.84,1092.8,2225.9,887.12,612.2,1672.2,1383.8,522.88
2028.2,2153.8,2421.2,674.64,357.52,3308.7,426.04,849.2,444,641.92,1723,339.2,1625,1074.5,356.28,269,358.6,1305.4,876.2,549.32,1514,1966.9,1768.5,1220.1
1598.6,3394.7,2243.4,440.04,332.8,801.68,746.72,820.52,375.76,1848.7,3518.7,346.68,1282.8,709.16,367.16,264.64,2220.8,1554.6,1569.9,428.4,850.28,3215.5,1481,410.08
1650.2,3922.4,4568.3,369.24,312.8,461.44,2718.3,374.16,371.2,1093,2618.1,273.2,950.56,1593.1,588,157.8,2242.9,507.6,2916.5,514.64,577.56,2760.9,3530.3,396.6
1261.1,943.48,4716.3,376.84,965.4,1611.7,2989.1,366.68,1834.6,494.08,3481.2,329.12,990.6,2023,739.6,269.44,1621.2,524.36,3332.4,430.48,621.64,3488.9,2865.2,442.28
703.08,1505,4076.6,1109.9,1520.2,2135.6,2241.4,384.8,3348,583.92,3262,270.52,796.56,705.08,364.6,279.76,2374.7,690.6,1510.4,517.84,565.6,1910.7,867.64,390.32
3182.3,847.72,3225.2,498.8,3550.2,655.68,365.16,425.8,1745.9,619.04,1453.9,343.8,741.44,577,379.32,160.68,2038.2,521,556.76,542.6,586.08,1280.8,555.96,380.92
2472.2,1795.1,2573.7,371.68,1308.3,638.12,349.52,1022,1717.9,991.6,306.4,1905.8,417.24,1741.3,350.44,262.48,1900.8,553.04,1128.7,2693.9,612.64,3297,430.48,994.32
3537.4,2392.5,1226.4,429.04,394.8,1530,351.92,2379.5,964.36,2116.2,374.52,2049.1,1643,2015.3,345.84,186.56,1443.4,1390.2,440.12,3413.1,577.76,3799.5,451.56,2375.7
2183.2,3010.8,568.32,1438.3,1797.9,2460.2,409.28,2008,383.12,2205.3,344.28,1530.8,1947.4,1594.5,367.48,245.72,526.64,1880,369.6,2400,630.64,4522.4,419.2,3189.1
1259,3593.8,526.44,2035,2616.4,1572.6,333.8,1698.7,377.44,2964.1,331.16,1600.5,1235,1686.2,362.08,274.76,564.6,1787.3,434.52,2309.1,584.12,3057.6,455.48,1797.2
1015,2492.7,478.76,2377.1,1780,693.2,354.84,1466.3,454.88,3473.2,331.4,589.8,478.52,1834.8,317.04,185.2,501.24,1838.5,387.6,1705.4,1043.1,1424.6,423.8,2352.2
2480.6,516.24,524.36,1811,531.28,436.08,378.84,379.96,477.44,4008.6,300.84,430.8,412.12,1498.9,306.08,221.56,524.84,288.4,434.68,1720.3,1303.8,801.6,1269.1,1944.3
3456.3,501.28,1186.7,1487.6,332.76,339.56,1558,424.84,1671.8,1274.6,1337.8,431.64,640.32,994.52,360.4,197.4,298.36,331.52,1743.6,461.68,612.32,768.64,1074.9,2049
3608.7,449.08,3623.2,1178.4,1165.4,341.44,2402.8,437.24,1796.2,1691.4,2810.1,574.24,1519,452.36,377.52,280.24,337.32,354.72,2548,485.68,584.32,518.08,2624,1825.4
3447.7,437.8,2034.7,3868.2,1645.3,324.36,2031,395.28,3161.7,1792.2,2396.3,471.36,1179.4,354.6,753.92,225.44,333.76,262.04,1932.1,490.64,600.68,336.68,2946.7,714.28
3245.8,469.56,565.16,1705.5,972.8,394.48,1851.8,394.6,1881.2,368.64,2393,1201.4,1710.6,383.4,897.92,189.64,1194.2,322.4,3192.2,582.36,594.84,371.08,1714.2,469.24
1591.8,462.68,524.96,922.6,674.6,393.88,1793.2,460.04,2546.3,405.2,768.36,599.28,2034.2,1078.3,295.48,263.48,2451.8,680.4,1662.7,467.28,574.12,738.76,1953.5,958.88
475.04,611.04,803.08,3453.2,731.64,320.2,1639.8,433.08,2942,302.16,663.92,578.92,1000.7,370.44,328.64,171.48,1195,687.4,941.08,662.32,620.64,646.8,1799,1734.7
454.04,1701.6,828.28,4109.3,653.52,1407.9,1607.5,1257.4,3467.9,282.16,599.56,489.32,342.32,1754.1,364.08,273.16,426.64,560.04,1150.6,1738.1,586.76,808.24,1984.4,3754.8
426.16,1261.1,1389.5,3997.2,662.04,2198.8,1032.6,837.08,2837,420.56,777.32,975.44,364.12,1736.3,361.04,256.04,332.64,2579.1,337.44,2783.5,615.44,3012.1,2014.5,3797.4
390.68,3614.4,1875.9,4647.9,745.8,2311.6,413.56,3644.3,806.32,667.44,641.88,1969.6,312.32,1648,357.44,157.16,399.2,1722.6,430.68,5974.9,574.64,2122.1,1879.4,3555.8
440.52,2357,1904.7,4095.9,672.24,2448.4,390.76,4671.4,576.08,733.56,801.08,2622.6,373.44,987.48,263.44,277.68,361.68,1625.6,380.24,3623.1,1744,1628.9,597.48,3742.4
1043.1,1734.5,2002.7,3250.5,667.04,1767.2,852.92,2131.8,454.52,1981.5,543.12,2529,302.2,720.6,343.52,260.8,329.96,3526,422.72,2352.6,592.16,1611.7,794.04,2355.9
435.92,1686.2,815.32,2291.1,1714.8,1714.4,466.44,654.64,471.04,2308.8,481.2,449.36,352.64,754.32,378.96,165.8,344.16,1802.8,437.12,490.44,621.56,1660.2,2049.6,1124.6
1358,1739.8,804,1162.8,663.4,1631.7,1415.8,494.04,544.72,2154,468.88,331.84,1872.8,569.72,336.44,258.32,356.44,1441.9,363.52,385.96,581.6,1601.6,2448.6,383.84
2568.9,1554.7,1315.4,791.56,667.2,477.4,3227.1,403.04,465.24,1573.8,1582.8,289.12,1775.8,741.64,335.76,199.4,1375.8,584.68,838.88,448.96,584.32,1640.1,1297.3,369.44
1951.8,643.84,357.04,763.76,704.72,1956.1,1954.2,396.8,463.08,452.48,775.12,301.88,1147.2,986.88,1126.4,245.12,1221.1,644.12,2381.6,380.44,600.28,1641.8,2596.7,376.8
1836.2,557.96,1145.7,785.24,666.24,2074.5,4087.6,418,1109.5,324.32,818.76,361.28,376.4,771,494.72,256.96,334.08,324.16,1385.6,447.96,583.24,883.4,2797.8,355.4
1944.8,609,1404.3,659,686.32,4465.3,2806.2,654.12,2953.2,339.4,1227.4,243.24,386.36,823.2,350.76,199.96,1369.5,1998.9,1786.7,379.68,620.44,319.24,1295.2,405.36
1809.5,678.6,2214.5,340.56,718.48,2164.9,2123.9,915.68,2280.2,1014.1,405.04,332.2,351.84,1475.3,340.12,217.6,2077.6,1595.1,1776.8,1220,568.92,831.64,551.84,1031.6
1659.5,1096.5,1005.3,362.4,676.44,1773.5,362.92,872.56,899.64,922.64,257.08,1681,261.92,723.16,279.72,271.56,1778.6,390.56,453.96,1599.3,1260.6,1365.8,389.8,1715.6
1729.2,2666.1,999.8,807.48,671.52,2389.5,333.36,1899.4,484.16,2118.8,393.6,2316,1202.1,714.04,345.84,216.96,1396,637.64,479.96,3838,1214.8,1598.8,657.68,3128.2
1157.3,3322.8,346.48,1063.4,706.76,2412.1,481.68,2165.9,388.84,5076.8,252.72,2173.6,385.6,2138.8,313.24,211,1068.8,2764.8,387.8,1925.8,636.8,2822.5,946.84,3108
489.92,1697.1,359.64,941.28,1613.6,2107.6,1103.8,1743,448.72,5359.8,1257,2229.4,333.76,2483.3,383.76,195.92,378.08,2992.4,428.76,1804.3,601.6,1844.1,384.24,2040.4
462.2,1003.9,337.24,2809.7,908.76,2387.9,311.52,3742.8,437.72,3455.5,422.32,2457.8,383.8,2093.7,333.44,261.2,388,2026.2,350.44,1948.2,604.96,1269.9,417.16,1645.6
652.08,589.04,341.64,1663.4,1987.9,548.52,325.76,3943.5,420.72,1059.4,340.6,2980,371.92,476.52,254.88,178.44,2034.9,529.2,436.36,1966.9,889.44,430.6,389.56,1606.6
1364.9,528.4,374.44,2483.5,1547.5,423.28,1869.7,4018.4,440.24,447.8,1058.7,1048.8,362.56,311.88,364.08,264.88,810.56,368.6,942.48,1020.7,574.48,438.96,1492,1600.6
2024.7,441.68,510.76,1224.8,687.52,356.44,2419.3,1837.4,407.2,299.76,2251.7,571.24,1172.4,361.52,331.12,244.64,2897.7,266.72,2710.7,587.52,627.96,412.12,2812.8,1639.9
1555.8,450.64,3020.4,4703.6,681.92,361.8,1759.9,1845.2,1192.1,275.36,2002.6,1039.8,965.68,313,1205.6,162.8,2199.6,351.96,2410.9,692.16,576.6,428.6,3217.4,1658.1
1831,505.4,2119.2,1568.2,716.92,400.92,1687.3,798.92,389.8,389.88,2030.3,911.28,4387.4,364.44,560.92,266.04,2515.8,282.44,2364.2,871.52,625.96,378.44,2838.1,1169.4
2715.9,1284.8,1872.2,597.44,683.28,442.68,1641.1,721.08,3031.1,273.76,1544,4383.2,2969.6,358.04,302.4,217.92,2467.6,323.96,2334.3,867.24,576.92,749,1691.2,355.2
2580,440.2,2022.3,785.72,707,397.52,1073,416.84,823,405.76,1939.2,1911.1,1213.1,923.2,340.68,219.48,818.6,332,1718.4,1167.8,1748.7,969.52,1719.2,316.52
531.2,1240.4,1925.9,2202.4,739.84,1857,328.96,385.68,882.88,1511.9,789.24,663.04,422.48,309.08,313.24,264.8,373.96,2107.3,1107.8,2213.2,589.4,1334.3,1097.4,668.4
450.32,3071.9,1684.2,2688.8,711.32,2364.1,387.72,682.88,1096.8,2718.4,456.48,3696.5,355.84,684.12,378.24,206.96,372.48,3018.8,363.76,3247.7,603.64,3917.2,923.32,2407.4
1350,3673.4,2730.4,4583.9,1778.4,2426.8,326.76,2529.8,837.08,1549.9,313.96,2067.9,365.6,417.64,256,233.44,318.12,2184.4,450.56,4758.6,567.56,2602.8,1902,3173.4
421.76,2491.3,2366.5,3695.8,731.16,2322.8,583.08,2378.2,459.6,1596.5,480.6,2016.4,324.08,698.04,330.88,267.36,342.56,2017.6,384.48,3642.5,597.56,2526.3,654.96,2140.4
447.28,1736.6,3941.4,1487.1,676.16,887.52,507.12,2768.2,398.52,1558.1,1153.9,2236,340.88,2312.6,346.52,198.44,329.04,324.56,367.48,3359.5,583.68,1996.4,877.2,1965.8
403.52,1706.6,2681.7,495.68,674.24,735.2,572.24,1216.4,443.16,449.04,254.68,1629.4,372.16,3210,346.16,215.96,1106.6,280.52,496.96,6009.8,566.8,2012.2,2279.8,1476.7
975.72,1725.5,3343.4,360.16,732.36,1263.8,748.24,828,445.96,318.88,377.2,470.36,1381.2,1758.8,356.2,283.44,323.52,603.32,477.8,6186.6,609.64,1650.1,3370,1338.1
1057.1,1279.7,7795.2,505.52,1215,393.24,1536.5,410.68,405.2,260.96,2568.1,346.24,1803.2,1670.1,241.24,205.64,2215.7,564.48,2392,6910.9,576.4,1681.8,1798.8,397.24
2371.2,1980.1,5626.8,859.24,1030.1,442.72,1645.6,442.92,667.28,365.28,4190.6,339.6,1407.6,3146.8,973.88,224.24,1745.1,1292.1,4274.9,1435.2,602.8,922.56,1594.2,420.52
957.4,1809.8,4067.1,356.2,551.96,424.84,1632.6,488.36,868.88,275.44,2468.4,339,583.28,1664.6,852.56,196.8,1749.8,1126,3458.3,543.92,1234.6,444,1619.1,381
693.2,1818.4,5203,343.92,565.4,805.24,561.84,389.72,1125.8,274.64,3048.3,245.72,484.32,1588.7,318.48,255.28,1315.2,383.84,2244.6,374.32,1105.9,393.76,1586.8,380
2118.6,1964.8,4133.8,371.56,521.2,704.04,375.08,1062.2,569.96,304.04,2105.1,359.76,283.36,1357.4,366.56,246.12,2034.2,742.8,1214.7,467.64,574.84,560.96,443.64,428.8
1638.8,2981.3,3350.3,1657.5,1889,824.2,380.08,534.64,781.32,327,976.4,1703.9,1253.6,403.2,271.04,192.84,1005.8,919.84,2363.4,370.12,634.04,1670.4,393.92,1040.6
553.84,4245.7,2114.2,3250.1,1533.2,2294.7,1157.4,756.2,828.96,441.68,348.92,2451.4,363.8,653.2,330.12,264.4,1992.4,2059.2,2332.2,423.44,586.08,3219.3,382.88,3050
428,2245.6,1912.8,1626.8,1643.9,3447.8,328.64,625.48,711.64,2131.2,326.2,1873.4,304.52,733.12,341.88,217.84,1868.3,3753.5,1768.5,677.12,640.44,1745.3,441.36,1979.7
789.32,2243.1,476.52,1656.3,1884.7,1652,372.36,2506.6,1755.2,2098.7,319.8,2076.8,307.92,699.56,349.4,210.68,1809.1,3047.5,1908,3398.8,597.44,1980,1158.6,1689.9
1135.5,2487.6,325.28,1598.5,4093.7,611.56,327.8,2001.8,960.24,1900.4,468.16,648.96,364.6,1275,345.72,274.56,447.52,1477.6,1724.8,2741.3,607.8,2158.3,423.12,1685.9
2635.1,1386.8,321.24,1610,4164.2,328.64,316.96,2088.7,1273.1,430.8,971.64,1306,1385.1,1666.3,310.04,208.28,302.64,2276.8,2548.5,1323.8,1061,788.76,398.8,1642.8
2861.9,319.16,362.8,1615.5,1848.6,341.56,344.04,1953.7,4044.5,334.84,1444.4,588.32,1639,2529.1,280,195.64,421.44,1050.3,1603.6,426.08,948.24,406.2,761.8,1657.6
2706.4,570.56,387.16,1639.8,1608.7,384.08,2308.8,1587.8,3831.9,312.12,4136.9,347.32,1453.3,717.12,379.72,259.44,931.72,864.76,656.44,493.64,989.84,386.92,3213.2,1718.1
3080.9,355.72,673.04,787.04,1600.4,381.76,2721,2753.2,938.96,1223.2,1909.2,269.44,787.52,343.8,625.24,178.04,3497.3,329.68,1355.4,1939.8,1471.9,436.92,2747.2,932.52
1464.9,349.16,674.16,335.68,1631,380.68,2485.3,4240.4,3784.9,319.04,1606.4,506.68,785.16,333.48,1154.1,267.52,2169.8,350.48,1702.6,887.88,421.68,384.72,2362.7,400.64
639.6,365.4,1799.6,368.36,1227.6,1064,2880.6,2483.8,1779.9,321.68,1427.5,1100.1,860.76,415.36,279.84,247.08,724.08,270.36,1887.5,574.56,369.08,440.32,2334.6,818.76
490.64,354.16,1460,330.52,327.72,323.24,1648.3,2107.7,527.64,265.68,2516.9,1350,1211.1,329.44,319.48,166,373.36,334.96,2156.8,479,411.64,391,1679.2,2952.6
1004.9,989.4,2742.9,612.56,383.84,830.8,1607.5,2811.2,422.44,805.76,1035,1332.8,543.8,267.64,341.96,269.24,317.24,1234.1,2373.4,745.24,370.88,1266.1,1754.4,3194.5
320.92,988.32,2869.8,1993.2,316.24,1371.3,1623.2,3234,500.2,2164.4,403.28,3833,574.36,349.24,332.84,283.28,885.24,2421,2873.2,2553.9,420,2559.4,1720.8,1789.4
387,3163.9,4155.3,3090.5,326.84,1962.4,1216.4,2723.1,423.04,1537.8,1190.6,3004.4,458.64,1592.2,365.4,163.08,436.88,1715.2,2994.6,2355.9,370.32,2435.6,1234.8,3513.6
342.64,2942.6,1940.7,3645.3,385.64,1867.2,334.08,3557.4,1128,1251.6,2339.5,4022.3,313.08,409.12,240.72,248.44,350.72,1708.4,2641,2045.4,408.68,2237.5,422.72,2775
332.04,1504,775.48,1246.9,313.2,2038,346.16,3104.1,424,1182.6,618.4,2427.9,362.76,566.32,439.56,203.64,313.24,1878.1,2030.4,1287.4,372.48,1684.5,393.04,2862.8
395.8,446.52,727.08,426.88,308.56,2255.8,441,2382.6,390,2814.8,299.16,818.24,302.88,800.56,1277.6,232.32,297.76,1695,1487.6,796.6,409.44,2246.5,420.8,592.2
1494.4,3763.1,2433.7,399.8,367.48,611,361.08,532.48,1925,4651.8,720.84,367.2,352.36,1817.3,2605.4,271.76,320.16,810.92,1691.5,413.08,926.08,888.32,1164.6,367.48
3490.5,3179.7,3042.8,356.36,327.6,379.52,1991.2,1306.1,2143.3,2350.6,1048.1,247.48,460.6,1242,3079.3,196.56,930.32,863.88,1792.1,1126.5,990.76,531.24,3293.6,333.44
3556.4,2473.8,3577.3,367.24,1491.8,340,2568.3,921.96,2389.5,1608.6,1146.8,353.16,1009.1,1768.7,1916.2,213.96,1662.7,345.08,891.48,488.12,409.16,1543.6,2659.2,366.92
2056.6,515.64,3846.2,403.32,352.68,326.52,2735.7,430,2241.6,1595.5,2359.2,302.4,790.72,590.68,2770,271.28,1571.6,626.76,405.52,423.28,380.28,2113.6,2816.9,319
2175.1,349.36,1322.6,1059.5,357.96,340.88,2460.6,394.84,1633.7,1133.5,2540.9,281.84,459.24,357.96,2087,205.88,1360.6,422.4,454.8,405.52,412.76,739.72,1543.6,332.52
1786.4,3707.3,400.44,526.16,329.56,420,1682,405.8,1763.6,307.92,1623.9,311.76,831.28,295,2087.4,226.08,1476.5,1438.2,366.72,360.6,371.2,1892,1051,433.24
974.96,3096,322.68,1009.1,322.32,1349.7,1294.1,482.84,1452.4,311.4,1106.6,1864.5,1857.5,311.44,1359,192.36,1535.7,1694.7,787.92,1742.2,434,1995.8,1072.8,1100.9
2000.5,3442.7,338.08,2111,1272.2,3358.3,327.96,1678.1,421.88,1335.7,403.36,2396.8,2575.4,413.84,444.72,255,1686,2028.9,1738.6,3705.7,379.8,3694.9,1076.7,3134
944.76,3156.9,379.72,2724.9,2615.8,2160,311.6,397.08,479.04,1611.2,291.4,2026.9,2685.9,712.4,382.48,198.72,917.84,3340.9,696.52,1905.7,420.36,3702.1,916.04,3169.4
3904.2,1593.6,334.68,2972.2,2107.2,1436.3,339.64,560.48,401.72,2322.6,422.08,1643.1,3457.8,1541.9,359.28,242.64,528.64,2982.8,1397.8,1664,671.88,2668.4,908.24,2186.9
2992.4,618.64,998.4,3581.7,3817.5,695.6,386.36,720.04,626.72,1342,290.08,1774.6,1779,749.28,373.76,250.08,482.24,616.4,1346.4,1763.6,751.64,1536.6,379.24,2181
4576.8,1360.4,320.68,4088.4,2414,446.6,320.12,1344.2,529.4,522.44,341.84,2396.6,2069.8,376.84,334.8,164.2,275.92,1353.8,800.84,1622.2,2559.4,622.92,395.76,2470
2244.6,1014.7,1478.2,4222.9,4082,409.08,343.08,1967.6,483.36,401.68,784.6,1193.5,1423.4,271.12,349.76,260.84,316.12,801.12,1033.7,1734.1,4483.2,480.96,1331.2,1736.5
2125,388.04,3300.1,1852.8,3055.2,382.56,1133.7,2035.5,927.64,252.28,1474.8,1528.9,1719.6,327.6,1773.4,210.2,1742.2,764.32,378.44,805.64,3542.8,460,2761.7,4192.8
3351.2,354.12,2342,1722,2470.6,329.48,1449.2,1842.3,2257.2,268.4,1776.6,286.52,839.68,369.6,2309.7,208.64,1884.2,862.88,451.52,559.16,5335.4,402.84,2656.8,2647.4
2513.5,404,2481.8,1735.1,5578.5,1159.2,1722.3,1852.8,1623.1,332.44,1546.9,328.8,1246.6,287.96,2285.6,254.24,3382,1176.9,1798.6,532.32,5268,434.72,2309.2,3353.3
1892.8,391.28,1857.9,890.24,5730.6,485.64,558.48,1904.4,1909.1,591.72,1504.8,336.08,2166.2,293.2,1569.9,193.16,1424.2,887.56,3090.2,1186.7,1020,414.88,1709.1,2051.1
973.76,1063.4,1543.9,1213.8,2016.8,387.88,1533.5,571.64,842.68,764.76,1549.6,264.24,1102,367.48,1591.2,230.48,406.28,1184.8,2417.7,750.44,537.76,1055.8,1669.2,2801.4
435.2,378.2,1763.6,1741.6,2046.4,839.6,2252.7,458.48,581.84,910.24,1364.1,2688.2,772.04,721.4,342.36,214.28,325.12,821.12,2006.6,1328.4,429.2,1604.6,379.96,2493.4
365.6,366.36,1660.2,2309.5,1873.4,2142.3,2553.7,2104.7,443.44,2010.1,490.72,4478.3,884.88,1393.2,343.08,241.8,322.48,2479.3,3584.7,2021.5,424.52,3474.3,412.48,3593
336.24,741.04,1075.2,2494.3,1628.8,2152.2,2707.4,3488.8,482.72,1897.6,471.4,2768.7,769.52,1628,395.88,166.12,238.32,1513.8,2989.3,3820.8,417.08,2308.7,655.16,1791.7
711.28,531.56,331.48,3374.5,1631.6,1677.7,2046.8,6805.6,1221.2,1644.4,314.2,3090.4,894.36,1599.3,199.24,271.6,341.72,1660.9,1713.3,3479.9,408.88,2279.4,1464.4,1491.7
595.88,898.72,346.2,1041.9,1661.8,1672.4,2577.5,3095.6,413.84,1677.5,302.52,1410.5,832.84,803.28,266.32,255.8,342.2,1598,1472.6,912.24,391.36,1702.8,2921.8,512.72
369.72,2573.8,405.64,339.88,1616.9,1638.6,2772.3,526.96,462.08,1546.7,1076.2,1181.4,517.32,571.64,283.24,173.76,247.56,1741.9,557.12,599.28,740.28,1669.1,2521.6,1823.4
342.36,1027.3,1236.9,342.92,3082.4,1529,1949.9,401.08,699.32,418.32,485.04,961.08,1035.6,663.2,273.64,244.04,1356,2016.2,513.32,544.24,835.24,1196,3398,3231.2
357.76,1911.4,3272.2,374.44,4148.5,634.48,2563.8,442.12,1675.3,387.72,1632.5,879,268.24,1109.3,290.76,184,2966.9,1725.2,391.96,502.96,1878.8,424.32,2747,841.24
2329.2,2148.8,2552.6,339.48,2835.6,2634,4609.5,540.92,1656.3,396.32,2224.6,568.76,572.16,1845,256.36,258.4,1569.8,988.04,436.8,544.08,4288.3,456.72,3139.8,367.92
1791.5,1341.4,3089.9,356,2846.2,3311.8,3166.4,399.88,1766.8,861.84,1150.3,255.88,828.68,1749.3,288.04,190.64,1608.1,352.2,396.08,528.6,3620.6,417.64,1781.2,321.64
1919.8,1622.2,767.08,355.2,2299,4359.4,1557.6,383.08,1378,957.12,1083.3,343.2,1294.9,804.36,221.16,241.8,935.76,791.12,466.52,794.04,3087.5,464.92,2632.3,371.8
1702.5,3187.6,363.64,1212.2,1559.1,2175.7,937.56,1094.4,484.52,331.2,314,233.56,2067.3,403.6,248.64,169.04,287.12,1495.9,532.56,1225.3,3749.2,1537.3,1932.8,322.28
2938.6,3146.8,380.6,1306.4,1585.5,2518.9,513.12,579.28,386.68,448.96,374.04,934.72,2135.1,340.56,273.8,257.96,261.32,330.32,2610.8,1350.1,3484.6,1944.6,1114.2,334.24
2528.5,2735.8,332.64,3662.9,1637.1,2413,418.2,2180.4,411.76,1106.6,384.08,962.76,1929.4,1777.6,308.24,219.72,290.08,336.76,2708.6,3027.8,5313.2,3982.8,453.64,702.68
2803.2,3720.6,321.4,2987.6,1622,2503.9,405.84,1839.8,2639.6,1563.7,322,1570.2,2593.4,1379.4,264.68,202.28,334.56,360.2,2067.8,3825.3,2815.3,2882.6,306,3453.2
2305.2,2620.5,355.68,1691.4,1610.4,3634.4,363.12,1736.2,4572.7,2726.1,443.2,745.72,1820.2,2666.6,246,252.08,284.52,307.16,1927.4,2693.6,3530.7,2007.6,321.92,3113.4
1718.9,1625,327.68,1687.1,1641,1770,812.56,1739,3610.4,2670.6,324.56,362.08,2027,1415.9,295.24,180.2,283.24,778.8,1712.8,1943,4308.5,1707.2,495.96,2879.2
2311.8,614.76,848.16,586.48,1571.6,567.64,610.12,868.52,3773.4,2316,1251.5,2519.1,2191.2,340.92,291.72,244.4,310.96,1117.4,1371.6,2559.8,3437.1,536.92,907.2,4466.9
4342,524.32,2116.7,697.6,2373.1,433.6,375.6,388.44,1975.9,314.6,798.6,1198.6,1763.3,336.76,227.32,201.92,274.36,323.84,362.64,1883.7,2829.7,449.36,588.16,2016.8
3760.2,454.68,3146.2,801.08,1570.7,418.32,369.76,511.76,1846.8,409.4,1083.6,2016.1,2492.6,327.4,227.84,221.92,1681.8,539.64,471.52,1829.2,3871.6,411.68,2368.2,1681.3
3584.6,454.88,2360.8,1279.1,3164.6,419.64,1276.7,418.52,702.36,317,1790.5,3790.4,1653,290.4,295.96,180.64,1554.2,362.24,391.04,743.24,3469.2,391.88,3345.9,1661.7
1936.4,1158.2,2518.6,542.92,3843.9,414.56,1441.4,395.52,1483.4,372.4,1523.7,2679,1361.7,317.8,276.44,273.48,862.64,337.6,449.44,749.44,5028,427.92,2700.9,1674.3
2014.1,462.44,1623,1604.4,1565.5,404.2,1192.3,392.68,2157.8,334.8,770.96,2569.7,4004.6,329.28,256.84,176.88,451.88,280.84,431.6,624.64,3053.1,1293.7,5074.7,4089.5
2164.4,455.12,829.36,2732.7,648.96,996.12,4416.1,471.28,973.32,295.6,553.08,1490.7,1392,333.88,278.04,244.2,348.44,338.48,432,592.32,1286.8,430.92,4273.4,5201.3
1747.8,1573.2,3607.2,3789,311.84,415.92,3252.2,446.48,511.88,749.92,518.76,1895,440,1161.7,280.04,185.76,318,279.04,432,2073.1,373.28,1167.3,3555.7,4289.5
979.08,2935.8,4651,5654.9,367.44,839.08,2252.4,867.6,435.28,1194.6,471.92,1637,338,938.08,247.16,226.88,254.24,794.6,432,3697.1,392.2,3357.7,5593.8,3657
346.4,1968.8,2655.6,5198.6,311.36,1620.8,1403.6,1771.4,461.12,1922.1,758.12,1569.3,387.36,1488.6,234.08,268.36,332.12,1156.4,432,4147.3,350.68,2461.6,1893.5,2964
357.68,1891.7,1708.2,3062.9,327.76,1550.3,479.6,1631.9,409.8,1524.9,838.56,1956.5,243.08,348.72,287.8,194.44,847.2,1955,432,3122,407.88,1694.2,1601,3564.4
357.16,1897.2,1982.1,2870.9,378.76,2371,579.88,1335.2,460.24,1366.5,626.2,2522.3,397.4,351.36,262.28,225.16,603.04,409,417.32,1431.8,949.28,1660.6,1545.4,985.48
328.12,1940,3508.3,1939.6,1071,2090,613,2447.7,401,283,531.84,1024.4,330.92,581.52,295.64,181.76,316.92,1353,611.52,841.52,428.6,1709.4,2374.5,681.32
367.2,1812.6,3475,603,1211.1,1384.8,1080,472.72,1335.2,264.36,1113.2,1008.7,528.84,814.96,302.08,274.64,394.24,3942.4,631.12,431.04,1813.6,952.36,3015.4,384.32
339.64,1700,3489.4,504.6,2580.3,882.92,2780.7,437.92,1971.5,394.36,772.36,559.92,1575,581.44,287.92,235.88,2544.4,3259,1453.2,393.8,3324.5,422.76,2909.1,361.16
1697.2,1731.2,4586.6,434.96,1600.7,388.56,3214.3,1338.5,1725.7,517.24,3676.3,374.4,1629.4,648.64,264.16,189.16,2084.8,1780.4,2768.4,437.56,2003,804.16,1572.4,407.2
771.84,522.68,2590.2,336.28,1059.7,353.56,2734.5,451,1721,534.16,3559.6,304.76,1604.8,514.68,295.84,257.84,1463,1421.2,2272.1,382.52,2132.4,1804.1,2154,378.08
1338.7,463.56,1628.6,337.96,1611.7,3702.4,2181,453.28,867.04,387.72,1213.2,316.84,1116.4,350.56,256.4,153.04,3098.7,1153.6,2176.2,464.56,1763.2,2117.1,1116.6,1362
973.56,1012.1,406.32,395.24,5411.7,2635.8,1160.4,377.28,664.04,303.52,654.36,331.56,329.28,952,266.72,273.2,3077.5,637.56,1480.7,1216.7,1115,2392.2,1195.2,361.12
1570.1,1552.7,390.72,1675.9,2242.6,3457.7,572.48,851.72,495.28,304.24,741.88,786.6,331.12,357.56,273.2,261.52,446.76,1967.6,686.84,1502,995.16,1738.4,1857.9,786.56
2056,2926.8,343.28,3301.4,2011.1,4299.6,380.52,2402,585.6,1616.8,668.56,665.6,362.96,460.56,309.92,157.96,1990.5,1958.7,592.08,2449,942.64,2299.8,566.4,1279.4
1984.7,3325.4,351.2,2966.2,1485.3,4425.5,516.64,2648.7,968.24,1007,638.96,253.16,418.52,884.76,290.04,254.08,1671.1,3656,649.16,2056.7,745.48,1863.9,422.12,1989.3
2113.1,3886.8,389.56,1591.1,691.68,3471.6,929.04,376.36,544.76,1607.5,769,995.88,795.68,1201.6,290.72,196.36,2663.2,1839.7,602.12,1790,1013.9,1872.3,386.48,2157.6
1034.7,2077.3,331.68,1595.9,402.36,2212.7,369.04,389.68,1139.4,2020.6,631.56,2212.3,1086.1,705.44,283.48,244.4,2358,505.6,635.68,1033.6,1046.6,1349.8,354.8,2142.2
2765.8,452.44,336.68,1623.3,891.92,1881.6,381.84,464.56,424.48,1495,745.16,2539.2,345.84,527.24,301.68,194.2,719.04,409.92,685.68,562.4,398.76,405.36,747.28,2368.5
2846.4,532.4,1484.6,1518.1,505.52,548.36,800.92,388.8,727.76,336.96,1312.6,462.88,285.72,377,261.28,242.32,1561.4,348.68,1123,634.04,2077.4,483.16,769.04,2440.7
4354.8,460.8,2925,323.56,1454.4,373.8,1629.4,3215.4,1201.4,276.56,1758.8,2188.4,1154.7,303.08,313.04,217.76,3042.3,354.48,3474.2,1235.3,2768.2,963.36,1010.6,3463.4
3838.3,449.6,2317.4,559.76,2515.4,394.92,2472.3,3582.1,783.24,353.4,2303,995.72,1676.3,357.44,288.88,203.04,2178.5,342.96,1971,1146.2,2578.1,386.32,1399.5,1844.7
2855.7,509.96,2376,567.36,3811.3,354.72,2429.3,4192.9,1741.9,282.52,1939.5,970.76,2762.5,356.88,280.92,262.28,1743.6,764,1859,1903.9,2192.5,399.36,2493.2,1098.6
1115.6,441.48,1671.8,502.44,2658.6,353.36,1699.2,2215.6,1626.2,258.2,2069.8,1890.2,695.04,312.28,263.92,152.16,1766.4,432.8,2118.8,2357.6,1440.8,368.72,2184.5,2231.2
364.32,1330,1325.7,385.44,2345.6,358.4,1721.9,1704.2,2323.3,382.08,2304.4,3015.8,832.8,1106.1,319.76,248.6,1896.6,278.8,2367.6,2048.8,515.56,420.84,2352.5,2358.1
387.32,1284.8,646.76,2078.4,1130.2,348.84,1472.1,1784.4,1687.5,1811.8,2342.7,2616.3,363.88,303.12,213.92,255,594.72,1593.1,1911,945.08,413.28,1050.7,4063.8,1153.8
379.16,3221,396.36,2770.3,430.4,581.56,547.04,1375.9,1280.5,2194.9,4681.4,2022.2,258.52,1745.1,261.76,197.16,417.2,2775.4,1031.9,1667.2,443.88,3001.8,2761.2,1693.2
380.08,2839,326.4,3348.6,383.56,1657.8,660.48,1085.2,1349.9,1898.8,2747.1,2202.6,343.76,1673.4,271.88,266.32,367.08,1617,669.16,3070.4,374.52,1696.9,2726.7,2245.2
350.24,480.24,436.2,2643,399.8,2396,534.16,1383.1,1276,1883.2,1689.4,2067.2,314.8,1633.6,307.08,172.36,359.64,1612.1,598.16,2949,430.6,1682.6,2081.9,2284.2
558.12,478.8,616.92,2102.3,418.76,2576.1,565.2,479.36,1340.4,3250.4,1666.9,1934.5,1041,619.88,280.52,222,346.96,1586.4,662.56,1827.9,693.32,1661.2,2063.8,2065.4
848.08,461.52,983.36,511.92,372.16,1719.4,431.68,482.92,1334.8,1959.3,1865.2,612.76,301.16,706.04,283.52,211.2,317.6,1514.3,611.2,414.88,911.56,1005.6,2003.4,3460.2
891.2,3470.6,1667.8,323.04,417.76,1759.4,516.28,405.36,1283.4,1631.4,910.4,372.76,1051.7,706.6,276.72,251.8,345.32,1602.7,800.84,511.76,1188,1085.8,4021,2272.3
3123.8,3619.8,3256.3,924.64,1197.4,3836.6,3738.6,438.08,1226,1650,2426.6,351.28,1876.5,667.12,226.36,172.92,340.88,404.36,968.64,360,3104.9,1887.5,4762.9,1061.5
3398.4,4930.5,4340.2,686.88,755.68,4136.6,2994.8,417.64,450.76,1621.7,2088.4,345.36,1370.3,555.8,262.84,234.68,653.92,344.6,2798.7,451.36,1644.6,1436.5,3609.8,974.08
2361.8,4975.2,4144.9,324.12,501.56,2088.4,3271.4,444.32,1845.1,1580.4,548.12,290.68,1243.8,351.4,302.84,182,1374.3,345,3939.1,342.48,1649.4,521.24,2901.1,567.32
1660,1410,1338.8,319.08,1523.7,2762,1693,372.16,570.52,1716.2,408.32,818.6,566.96,550.68,272.6,244.6,559.24,282.04,2856.5,389.56,1652.2,513.6,1914.8,365.64
1631.5,619.84,993.08,371.36,704.12,2017,449.4,1485.9,1476.5,1615.6,392.08,745.92,861.48,399.76,260.8,200.56,441.4,369.4,918.4,962.76,2006.3,1052.7,1880.3,982.92
1638.4,1276.8,339.56,1361.4,930.16,3400.8,389.48,512.48,2829.4,1463.1,431.16,321.04,824.64,563.8,282.84,223.92,1797.2,299.48,455.52,1847.5,1851.2,1325.2,1821.6,1389.6
606.36,1749.4,365.28,3324.9,2289.4,3933,383.72,1247.8,2091.8,294.84,459.76,1660.9,882.36,1172.1,291.28,168.52,1708.5,1385.1,477.76,4849.4,1977,1814.8,1000,2770.9
364.64,4339.6,336.2,3242,2374.1,5920.8,410.32,1784.3,2220.6,543.16,375.84,1676.6,271.68,1407.1,209.08,254.84,1231.5,5149.5,396.24,4245.4,2060.8,2559.9,575.2,1883.3
328.92,5194.1,338.96,2550.8,1890.7,2066.9,592.24,1652.2,2511.9,816.64,254.56,1494,428.12,1220.4,234.68,178.28,2099.8,2055.3,454,1812.6,717.92,4671.8,527,2129.6
344.12,1849.8,368.44,1796.3,3581.8,1863.4,932.8,1733.2,1405.5,829.12,955.96,917,402.08,1231.3,298.64,237.64,3657,1331,460.48,1693.3,666.04,2464,526.64,1003.1
584.12,575.04,319.16,874.6,3807,1071.7,370.36,1238.8,548.08,1047.9,454.2,324.12,1138.4,532.56,291.28,187.72,667.88,382.6,388,1681.9,613.76,1773.8,541.76,1067.3
1115.6,500.8,1972,1411.8,3391.1,509.32,1817,402.44,1277.6,325.08,303,576.32,608.04,1092.6,218.52,206.28,644.96,355.28,2113.4,2257.6,1397.1,988.36,1904.3,1162.5
2346,467.92,2913.7,2682.5,5303.6,560.24,4199,434.6,3494.4,310.6,324.56,554.24,699.88,724.8,228.88,207.68,1690.5,487.04,2708,1686.9,1522.1,1009.7,3313.5,1879.6
4079.1,542.72,1839.9,2909.3,4533.1,579.08,3363.8,484.28,2515.9,349.56,534.32,2117.7,798.64,476.8,289.4,251.44,2856.2,1029.6,2021.8,809.32,1631.3,974.2,3521.6,3460.2
2807.1,483.44,1605.3,1730.2,2578.8,1214.8,2581.3,390.8,2159.8,544.8,382.96,1022.2,2471.8,500.48,282.64,159.56,2943.7,301.68,1710.8,733.4,3207.2,1016.2,2835.8,1866.6
2065.8,467.12,1613.6,865.56,3434.2,353.64,5173.2,423.52,3592.5,1182.9,239.92,454.68,2974.5,481.04,213.08,233.08,1662.4,335.08,1703.9,888.28,1448.9,623.96,1711,1004.6
1666.3,561,1576.3,441.36,2624,342.24,5614.6,971.72,2564.8,255.8,1636.3,677.24,1430.4,521.72,228.08,200.16,375.24,350.08,1812.6,553.72,777.72,1120.1,1634.3,493.6
1573.1,1489.3,1206.2,703.24,2224.7,333.32,4437.5,453.48,913.2,383.72,794,462.88,363.08,1052.6,276.88,226.72,373.24,1227.1,2075.4,582.92,392.44,414.68,1661.8,1088.1
324.44,3305,344.76,1052.2,2408,722.04,4315.7,1831.4,479.08,664.76,1607.3,2156.2,241.84,1970.7,252.28,203.2,357.92,2834.4,1364.5,1875,431.88,410.12,1669.2,2886.4
347.76,2742.5,594,2612.1,1052.3,413.8,1931.4,2492.9,521.08,1785.8,2243,1799.2,351.44,1771.3,259.08,254.08,308.92,3337.1,3138.1,4436.1,398.24,680.24,1667.1,3660.8
346.6,1786.8,566.4,2781.8,526.36,3827.5,1733.7,3231.6,549.92,1657.7,2624.8,1768.2,269.2,1705.6,201.28,148.8,349.04,1609.4,1040.5,1857.4,420.08,2206.5,1692.6,858.16
331.64,1725.2,378.6,950.8,390.88,1877.6,1705.8,2049.2,446.28,1637.9,2196.2,2782.5,314.08,911.6,269.72,258.2,337.88,836.6,1270,1036.8,371.44,2050.4,661,782.08
335.48,1851.2,399.72,411.24,399.08,1994.9,1750,2248.4,521.8,612.32,2281.9,1346.4,348.2,492.28,269.88,206.16,326.12,793.64,1627.2,744.48,463.24,1699.5,481,351.4
2549.1,1813.1,748.84,326.8,388.32,2337.4,1724.6,2950.8,502.64,1116.8,1818,338.04,1149.6,496.68,269.4,212.36,2207.8,285.48,635.76,477.48,1477,4990,1373.7,334.64
3187.8,1805.9,1810.9,314.64,370.92,2007.6,2699.4,1400.6,1520,1287,3079.4,356.96,2054,406.28,184.16,193.08,2202.4,488.92,1775.4,359.28,3343.7,2369.6,1904.8,422.36
422.68,1807,4182.8,380.6,464.08,2218.9,2910.5,380.88,1103.3,1450,1667.6,312.16,1619.8,529,276.24,220.32,1618.2,606.92,2658,755.76,1731.8,3226,2857.5,331.48
377.72,1790.8,3590.8,319.16,1253.7,3724.1,2212.4,422.28,2985.5,1720.9,3989.5,307.72,963.72,470.92,273.08,250.04,1554.1,494.4,3256.6,961.6,1710.7,4134.8,2276.6,563.84
329.32,2412,1723,665.32,983.12,840.6,1242.4,426.88,2583.7,1539.3,1847.7,345.76,498.8,499.96,239.44,204.52,1578.4,563.6,2542.7,391.88,828.6,3375.2,801.08,732.8
1321.3,1498.3,1231.6,866.4,592.12,1151.3,659.08,376.92,2387.1,1909.8,344.28,597.6,501.92,550,204.16,219.28,1575,449.8,1124.9,412,871.24,5047.2,413.52,336.24
3916.7,1939.6,747.16,323.68,1719.6,1491.7,951.56,677.76,2344.2,2546.3,363.88,2096.4,279.6,526.52,281.24,184.6,1115.5,1444.8,450.56,884.36,690.6,7872.6,314.8,862.56
5238,2384.7,326.2,571.56,1341.3,3052.2,416.88,1867.3,3171,2212.5,370.32,1850.8,1220.6,1641.4,272.44,255.12,333.12,733.32,440.04,3327,1328.2,4491.4,333.52,1757.1
1825,2597.4,395.76,1582.7,1086.5,2404.2,368.56,1305.9,2697.8,1305.8,291.68,1822.9,326.32,747.84,164.28,189.36,322.28,1953,428.32,2646.3,912.96,7572.7,997.8,1668.7
1771.8,2707.5,331.64,945.64,1780.4,2699.2,367.88,384.76,1288.1,2686.9,401.16,1755.8,290,3438.8,271.52,180.52,322.36,1533.8,410.08,1581.6,624.32,4530.9,605.36,1682
1734.8,537.6,599.6,1162.4,665.48,3115.7,425.32,409.48,890.88,2261,263.92,1871.7,303.52,491.64,282,248.68,308.24,2054.2,462.04,1683.8,680.24,3968.8,356.28,1770
1271.7,429.2,921.84,812.56,804.08,1753.8,385.04,427.32,955.12,1856.2,393.04,3584.2,305.2,368.52,235.6,151.92,343.36,550.48,361.48,1793,2163.5,3374.9,767.96,817.72
1560.8,325.72,707.52,359.56,1140,339.6,615.92,385.84,2389.8,907.12,1457,1758.5,389.64,388.24,188.4,256.8,347.48,545.28,1240.4,2346.1,2288.5,3299.9,919.96,1853.6
2234.5,319.88,1612.2,3082,2232,399.12,3422,371.56,2301.4,862.84,2004.9,1667.6,976.44,347.04,276.52,215.72,445.4,530.04,3968.6,966.6,2674.1,1700,2669.1,1853
2541.1,396.28,2177.9,2124.6,4702.2,335.16,1765.8,511.68,937.56,705.68,3795,3667.3,1934.2,369.84,261.6,206.2,2923.8,470.92,3514.3,409.36,2191.1,1747.2,2639.9,799.88
5039.3,309.24,2231,1061.4,3003.2,321.72,1660.4,640.52,2013.6,761.72,1273.2,1663,1390.5,344.68,171.24,190.88,3666.4,541.24,3657.6,421.6,1721.2,1685.3,2345.2,541.72
1806,319.32,1860.7,725.48,1271.8,320.92,1644.6,833.04,978.24,621.04,619.4,1011.6,1275.4,383.72,265.56,237.32,2463.5,455.68,3738,426.12,4462,1713.6,2566.2,2059.6
484.28,987.96,1271,3442,409,360.08,1697.6,396.84,464.12,1044,1280.6,553.48,1019.3,400.56,279.6,178.4,806,531.64,2093.5,497.52,2485.8,1644.6,1812.1,2574.7
619.76,965.92,3647.2,3824.9,436.84,1597.3,1067.3,444.76,505.52,331.88,1982.4,1011.2,313.36,1434.3,174.96,247.88,1144.4,1813.4,2166.2,2109.1,1080.9,2582.7,1662.6,1731.3
466.64,1903.8,3312.2,4738.6,374.96,2660.1,450.32,515.56,571.64,358.56,826.44,2041.9,271.84,1179.9,240.08,212.4,683.88,2928.8,2258.2,4758.9,754.4,4983.3,1654.2,513.48
348.88,2974.5,2489.4,3072.2,795.72,2343.5,383.84,1703.4,521.44,764.44,472.24,2000.8,329.08,1706.8,332.08,214.8,320.8,2236.6,1375.6,5686.8,412.32,3903.4,1673.7,559.08
352.16,1712.3,1886.4,2248.6,763.28,2266,400.88,1520.6,416.92,1058,605.08,827.44,324.36,1139.4,1493.5,190.76,347.84,2158.2,1190,6428.2,423.12,3420.4,1725.6,533.24
313.24,1650,1321.7,2056.8,391.48,1623.2,422.64,1325,446.84,884.12,531.84,2410.7,680.16,358.8,199.32,212,301.84,1716,806.6,2493.7,384.8,2924,1187.6,524.32
979.2,1169.9,601.76,1723.2,397.84,2553.8,363.4,1195.7,554.8,2091.2,551.04,1235.5,626.28,368.4,288.92,221.36,342.36,1887.1,938.08,846.32,797.08,2401.1,1390.3,569.4
1525.7,385.8,2048.9,1644,1807.8,2323.6,388.76,412.2,955.44,2839.9,644,891.28,1109.8,333.44,256.12,195.8,769.08,2773.8,587.56,528.16,3042.1,2307.8,2885.2,2211.1
2913.8,399.24,1889.5,1657.8,3378.2,4198,1743.6,429.04,963.08,2945,1675.5,361.24,1744.3,360.44,250.8,225.44,2775.2,2524.7,1495.5,401.28,1321,2393.6,3844.1,1048.5
2667.3,471.64,1516.6,1649.1,2815.5,2520.4,1797.4,365.88,679.68,2676.9,668.08,384,2346.6,382.2,207.88,189.64,1587.6,1312,2906.3,436.64,1059.4,2347.6,4797.1,321.4
1666.4,453.08,1510.7,1632.2,1657,1752.4,1735.6,379.8,1890.8,730.04,1347.1,312,2287.3,316.84,255.52,254.4,2472.1,1487.5,2941.8,562.24,2013.3,2364.7,1880.3,325.4
1648.4,556.04,2409.3,1664.2,1676.4,1858.8,1519.9,427.8,2725.7,2665,3631.6,397.96,833.6,385.28,272.36,166.64,1436.4,348.16,1841.4,1057.2,2315.4,2476.7,680.04,350.08
1875.2,1055,3195,1642.2,1685.6,1229.3,381.84,382.6,1463.1,966.32,1064.6,316.16,238.36,349.12,256.96,240.28,857,375.32,401.4,387.84,3067,1955.1,354.04,304.28
1747.8,3354.6,1020.3,1141.6,1707.8,698.72,401.88,1310.2,2065.5,2434.5,449.84,1674.1,403.2,1211.8,263.32,182.68,1348.3,351.52,460.24,477.84,2238.2,2732.1,323.44,339.08
877.52,2754.5,361.6,3887.2,1042.8,2167.1,454,1896.7,1945.2,3755.6,342.56,1926.4,707.56,356.08,185.96,198.48,1527.5,1118,382.64,3057.8,2016.4,2520.3,362.84,1098.4
345.72,4238,331.52,2262.7,339.88,2297.2,374.04,1770.6,1758.3,3417.5,372.44,1251,586.4,912.24,279.72,247.92,450.56,1847,424.16,2504.9,2089.7,3325.6,339.24,1536
421.12,2751.5,314.2,1599.7,420.84,4087.7,359.64,1683.7,2093.8,2772,284.24,425.76,319.64,2009,271.16,191.4,385.52,3424.8,435.68,2329.7,2229,4792.5,442.92,1911.7
1208,1837.6,371.36,1238.6,380.4,1627.8,358.08,1414.4,4716.4,4773.9,354.84,405.04,1329.7,1377.2,218.96,203.32,347.36,2090.3,431.24,2195.6,2455.3,2739.8,1050.2,1697.4
980.8,1608.6,327.04,354.52,418.96,435.64,362.12,447.28,1711.6,602.92,366.12,1482.2,1169.8,895.32,228,201.84,412.96,898.92,866.32,1949.4,4624,2298.7,316.8,827.8
2223.4,1533,331.52,315.6,474.04,354.24,1816.8,1055.6,2177.8,395.44,1605.8,1449,1242.5,388.84,268.32,257.24,353.48,363.4,695.68,2156.3,5253.8,1480.6,963.4,513.24
2890.8,1492.1,390.76,329.64,2224.2,321.4,3003.6,3717.3,2042.6,423.08,2106.4,1139.8,2485.5,339.04,236.88,164.48,975.64,295.24,2572,2872.9,3796.2,1367.1,2953,617.08
3323.9,659.4,2632.2,378.84,3114,326.52,2570.6,2499.2,1970.9,344.48,1599.5,776.88,1292.4,344.6,263.08,185.52,1131,372.2,2190.8,1867.8,4148.7,1355.8,3808.5,393.24
3770.6,435.52,1743,322,2909.8,377.28,2410.7,1728.5,1935.6,396.12,1651.4,1581.6,1688.7,380.6,260.4,238.92,1909.6,286.84,2189.4,1672.1,3354.8,1503.2,3265.7,449.52
1945.4,1239,2492.1,309.88,1946.1,422.56,1120.9,1161.8,1885.3,371.6,1624.9,540.84,1617.6,346.96,199.72,179.16,881.44,339.76,2516.9,1619.5,2051.8,1468.3,2309.7,482.96
656.96,508.72,3291.7,360.96,1214.4,1050.1,417.32,368.6,2184.6,334.12,1827.7,634.88,1077.6,344.56,254.4,257.76,431.24,348.08,2214.7,1624.9,642.12,2109,2333.8,677.68
554,1245.4,2788.7,426.52,1556.2,1303.4,430.2,529.4,2111.5,1112.2,501.16,473.88,379.16,413.56,268.84,180.96,437.8,1020.3,1696.1,1569.4,462.28,2538,2074,983.84
572.48,3467.7,2202.4,1118.9,1261.7,2062,382.08,963,2594,2034,382.24,1461.1,384.32,1510.4,175.8,227.36,319.36,2521.2,1636.9,1345.5,442.76,4427.4,1859.4,1548.4
525,2519.8,2106.8,349.04,337.32,1611.2,364.16,980.24,2054,1953.3,373.96,2318.6,362.8,461.88,264.84,189.28,313.12,1688.4,1722.3,331.36,406.52,3117.3,2373.7,1695.4
562.88,1760.2,2113.6,313.08,398.08,2332.7,363.8,566.92,849.72,1775.1,331.76,2323,334.24,1059.2,277.56,193.52,337.92,1618.8,1169.8,355.76,412.8,3120.2,3710.9,785.32
699.44,1781.2,1674.2,302.28,325.72,1690.9,394.96,488.32,861.76,1947.3,335,1579,343.52,1572.6,249.04,240,330.4,1532.7,452.28,306.96,383.92,2649.3,2124.8,634.76
1173.2,1332.8,723.32,359.64,315.12,3174.7,524.16,375.52,438.6,2003.5,382.52,1129.6,337.64,668.72,177.08,193.92,313.8,940.2,399.92,347.56,432.12,2281,4490,469.68
1087.7,1918.4,1531,321.68,1222.2,2396.6,1176.3,848.48,297.32,905.28,393.4,383.6,1585.4,337.44,360.6,224.28,718.56,371.96,779.6,334.6,662.8,2391.8,2391.9,351.96
2583.7,2744.4,2402.9,316.24,2484.2,651.28,1406.7,759.28,388.12,805.04,1270.8,382.96,2288.4,531.36,497.64,176.76,2773.8,293.2,1285.5,364.8,3571.2,1456.9,1386.8,325.8
3244.6,3569.1,4705,372.08,886.8,338.04,2907.2,418.52,646.76,636.24,831.12,328.24,2466.5,499.8,441.28,258.64,2429.7,362,2124.7,312.68,2955.6,1073.4,2043.2,693.4
1849.2,1790.8,4651.2,310.56,620.4,1045.8,2256,367.32,716.68,544.56,2621,383.44,893.6,971.96,423.08,180.52,2255,299.84,1077.9,307.4,2557.8,970.08,2863.5,799.8
1800.9,1788.2,1858.8,311.48,697.84,368.24,2729.9,439.48,1569.6,560,921.48,320.24,1512.8,1859.8,502.16,234.52,2069,340.96,1155.8,341.32,2198.8,996.56,755.72,322.08
1826.7,988.72,1680.2,1202.2,2322.2,906.48,2969.8,399.6,1592.4,496.84,411.56,364.84,756.88,1665.4,472.8,180.16,1861.7,312.28,1486.2,1050.9,2484.7,1849.6,355.2,336.72
1812.8,1757.1,651.52,513.92,4425.2,2380,1641.6,372.4,730.8,588.48,331.92,1903.6,1309.2,672.2,484.24,237.36,1958.3,339.8,487.52,859.96,2515.3,2717.1,338,342.56
1907.5,2985.4,325.08,304.44,3770.1,2455.2,1019.8,385.68,769.84,698.32,392.28,1834.6,1751.2,476.44,416.68,211.68,1276,1367.1,447.12,323.52,3027.2,4824.4,377.12,319.52
1813,2472.2,322.96,356.08,2386.5,2795.8,386.4,613.8,2473.4,977.12,301.2,1634,954.84,352.84,476.64,257.88,584.4,2271.6,403.28,351.16,1957.7,4268.5,314.72,1212.9
1080.8,2177.2,373.52,306.24,1139.9,2198.6,442.56,571.36,2504.9,2095,347.64,1713.2,379.24,392.32,497.72,155.08,344,2357,398.88,302.72,1165.4,2783.3,334.92,1779.1
769.64,3147.7,964.84,311.48,651.4,988.84,370.28,1416.5,1424.3,3294.6,1053,1346,335.52,330.04,498.32,183.96,329.56,1744.7,378.96,350.44,2332.7,2417.4,341.92,1648.1
653.6,1483.2,392,362.04,813.92,1117.6,354.56,978.04,1230.2,1102.3,564.56,383.08,370.28,393.16,394.24,266.8,370.6,1236.8,1405.7,332.2,3520.6,890.96,1206.6,1057.6
1407.9,756.64,360.76,314.16,3821.6,350.16,1391.9,608.32,1165.6,387.12,995.28,512.48,1633,544.44,478.28,165.68,382.16,309.52,469.2,372.4,1992.9,315.48,1946.2,786.48
2899.5,740.6,469.88,300.32,3483.1,793,2820.6,683.88,1147.2,375.36,2587.8,471.96,1001,348.16,348,256.72,485.8,351.72,2182.8,308.6,1321.2,342.8,3488.1,707.28
3940.5,607.32,938.96,353.2,2923.7,617.52,2505.5,700.32,1259.9,369.84,2071.4,1663.6,807,718.92,244.52,182.44,975.52,271.48,2349.7,353.28,940.56,325.56,1909.8,2698.2
3547.6,456.08,1485.1,480.84,2669.8,369.8,1803.2,854.8,1291.6,342.2,1439.4,995.96,666.44,721.36,181.64,225.08,2661.6,309.84,2207.2,309,2786.9,330.92,2355.3,2270.5
1171.7,463.2,2288,1308.6,3553.5,356.48,1617.1,837.4,3185.5,329.04,524.68,347.2,1961.2,374.92,252.56,213.76,2119.1,270.44,1477,491.88,2499.4,354.4,1663.8,1135.9
397.12,488.12,460.48,409.88,1934.4,320.36,1609.7,725.48,914.64,347.36,524,363.32,2270.2,313.32,273.48,252.52,368.24,335.64,1254,1394,1257.6,318.84,1639.4,2200.9
326.04,1021.9,3004.4,300.16,1687.2,881.6,1588.2,795.28,373.48,1136.2,604.04,344.8,1629.1,370.48,211.44,161.04,348.16,1160.5,1310.5,368.24,896.52,2464.2,529.68,996.88
353.6,1270.2,2789.3,305.72,1624.5,2159.8,384.12,800.6,418.16,2283.1,444.08,1517.8,933.8,347.72,220.24,235,327.72,2559.2,1389.8,309.52,1354.5,3433.1,346.6,906.32
362.52,2446.5,1613.3,369.84,1627.2,2035.2,361.64,663.64,301.92,1748.5,284.4,748.04,309.08,594.48,249.24,216.56,313.48,1530.1,2105.8,345.52,430.8,1699,334.8,418.72
333.4,2422.2,1815,305.56,1663.3,1609.8,1739,2272.4,351.72,1783.7,1155.4,1730,338.76,1094.4,256.64,232.4,345.04,1549.3,1583.4,318.52,369.88,1586.1,375.28,678.48
1229.4,2416.2,946.68,301.88,929.08,1603,1743.2,806.32,422.36,2009.3,361.28,1094.7,351.44,949.68,211.72,194.64,340.32,1524.7,1405,338.08,407.64,1607.3,334.2,824.64
350,2004.2,2673.5,351.24,341.88,1785,1727.2,744.4,276.6,1461.6,847.52,352.68,326.28,421,256.52,247.8,334.64,1895.2,697.04,329.04,389.4,1632.5,1413.8,1660.8
772.2,2067.7,4758.4,307.12,749.32,1486.6,1706.8,1473.3,387.04,895.8,341.52,333.56,1373,464,231.32,153.12,818.64,2244.7,931.56,350.6,437.88,1814.4,1661.3,1975.7
1127.4,1335.8,5093.8,312.32,1688,350.08,2682.3,1213.6,385.04,570.44,1434.8,349.76,1544.4,1087.1,284,268.68,2177.5,1170.3,3037.2,343.16,966.92,948.04,2552.4,3289.8
2573.4,2280.8,4717.4,785.4,2534.2,354,3215.5,595.88,1276.6,743.36,1224.6,344.72,289.32,2210.2,224.08,257.44,1705,361.64,2543.6,334.44,1856.6,326.4,2762.6,3109.1
1991.6,2306.1,2974.1,1070.6,1696.9,376.16,2148.3,450.36,588.72,2252.6,2701.2,340.28,611.88,1464.8,214.12,162.08,1489.6,326.76,2000.7,326.4,2128.1,372.08,1214.7,3100.6
1953,2282.2,2336.3,306.84,3014.8,392.68,2584,404.88,2726,3635.6,1502.2,343.24,1133.5,930.28,264.4,251.56,1702.6,277.84,1766.5,1033.3,2116.3,312.6,696.24,3093.9
1832.6,2471,1939,342.2,653.36,1646.6,1709.8,425.56,2910.1,4205.2,429.92,325.52,908.2,1299.2,268.28,165,619.44,348.76,1155.3,828.32,3236.5,347.68,512.8,3004.8
2483.4,4515.5,581.32,339.68,405.56,1728.8,1335.7,410.44,2106.2,2628,376.64,782.8,567.68,1227.1,190.08,250.44,356.12,563,650.6,354.2,2819,596.44,498.44,1812.2
1769.7,7216.6,420.48,316.52,1143.8,1152.2,1189.8,733.36,1476.8,1526.3,371.44,2097.5,3379.5,2000.4,259.88,224.6,916.28,3521.6,1002,350.84,3617.7,1278.5,366,1707.8
734.08,5343.6,352.88,314.8,384.96,2435.9,483.2,1247.5,2194.9,1103,414.16,2190.4,1596.5,1952.9,256.96,202.64,1235,2350.4,562.56,312.48,2267,3653.4,342.68,1696.8
732.92,4025.6,325.24,341.36,473.56,2682.3,374.4,765.16,1661.8,790.12,386.2,1205.5,4791.5,1957.5,244.32,201.48,952.64,2417,429.36,330.8,2714.1,2495.6,651.48,1669.9
756.88,3587.7,365.84,300.16,362.04,1300.4,368.08,849.92,1787.8,2586.8,351.52,667.56,1192.7,1059,211.72,187.28,320.84,1923.8,456.44,322.36,2274.8,2376.2,972.08,2004
1198.7,4174,331.4,295.4,367.48,629.08,377.84,617.96,1771.8,663.32,389.84,1541.3,782.32,496.56,265.96,230.08,341.24,1055.7,399.08,348.04,3245.6,1387.4,334.12,2944.7
1636.3,2327.6,1847.2,351.52,538.76,327.24,429.64,484.28,1016.7,361.48,1462.4,313.64,390.32,403.76,234.6,204.2,371.48,267.96,463.56,326.04,2625.9,938.48,1542.8,2932.9
1735.2,999.88,3725.2,973.56,3450.5,398.92,780.96,972.2,632.28,268.44,2269.9,571.36,396.84,373.52,257.36,239.92,907,339.92,1447,362.36,2364.7,882.8,2633.8,1914.1
2120.6,640.64,2854.8,890.4,3382.6,321.96,1417.8,693.72,1295.5,400.68,2640.4,841.6,977.52,366.76,209.32,160.96,2132,280.76,2509.1,328.04,3401.3,1124,2086,1639.2
1777.7,589.96,1596.4,354.6,3541.5,710.24,2318.7,994.24,1947.8,264.64,2425.2,1711.8,312.48,369.32,269.84,252.56,1598,313.72,844.8,442.36,2933,817.64,1680.2,1631.4
3669,585.28,1618.7,311.96,2140.9,689.8,1647.9,1847.5,3136.3,306.44,1764.6,2803.6,1885.4,401.12,229.12,207.92,595.68,346.08,1360.8,1398.3,3378.8,982.52,1590.9,1672.2
2296.7,579,1631.8,311.4,1083.3,364.56,1409.2,601.12,1038.4,347.08,1099.5,1272.8,555.48,1196.4,256.08,230.72,325.88,279.8,807,350.36,2886.1,1002.6,1590.3,1599
775.32,374.12,1626.3,354.2,336.04,1016.1,1529.5,1709.8,454.52,1081,517.84,3438.1,410.08,1751.7,205.2,190.56,539.16,713.96,767.16,320.4,1723.3,2593.8,1619.4,2157.8
581.16,528.32,408.72,303.36,325.12,2231.2,1086.6,1626,379.52,1370.4,876.76,2803.9,280.88,2123.4,243.84,258.36,824.76,2450.5,2077.8,370.96,1591.8,3898,1653.8,2443
563.44,1430,385.04,307.2,348.12,2396.3,4209.9,716.6,333.96,2005.1,623.76,1356.5,371.04,777.52,279.12,229.32,361.28,2285,1705.2,334.12,1602.9,2446.8,1031.3,3674.5
591.44,935.92,354.52,336.84,400.88,2591,3096.1,467.44,371.36,1735.4,552.8,3021.5,343,361.04,187.44,203.52,313.6,1652.2,941.32,349.84,1602.6,2215,807.48,3220
556,1756.8,324.8,312.36,317.88,2608.7,3487.9,460.32,261.76,918.32,342.32,4178.6,356.32,375.68,235.24,270.56,335.04,1767.6,417.6,307.4,1586.9,2096.6,853.24,4197.6
528.24,2865,404.76,302.64,1019.7,4149.2,3695.7,403.64,395.08,345.12,378.64,2267.5,352.64,398.92,276.68,159.28,336.4,1306.9,452.28,352.68,1583.7,2115.3,2982.5,2952.1
576.76,1160.7,2401.4,938.16,997.56,2479.2,6787.7,429.76,879.52,608.04,908.56,501.32,1000.3,327.72,261.08,247.68,1002.8,2208.3,2941,319.96,2175.8,2191.4,2710.8,2204.5
2252,3285.4,3705.9,940.12,2457.8,1666.4,4463.7,749.28,2206.9,349.56,1091.8,315.68,1701.5,400.4,182.88,267.64,2427.6,1846,5889.3,353.6,4040.8,2216.6,1980,2140.5
2727.2,2425,3671.3,313.6,1737.9,1545.5,3691.9,374.12,1592.1,542.28,2523.5,364.36,558.92,439.52,293.84,167.92,2094.2,555.8,5896.4,324.44,1979,2283.3,3596.1,2663.4
1185.1,1206.5,2798.4,307.24,1720.6,343.24,4127.1,612.72,1429.3,776.64,1655.4,355.4,2371.6,632.8,274.48,262.92,2567.5,581.32,2954.6,1300.9,1684.3,1530,2614.7,2237
2901.5,1739.6,1745.1,356.16,643.8,407.36,3787.7,1032.1,349.6,901.24,1280.8,365.28,1092.9,655.92,174.76,195.88,1770.6,828.6,2651.4,546.12,1636.5,846.96,1805.4,2090.2
3476.5,2415.6,362.84,310.88,447.48,534.04,3903.3,468.6,345.52,335.88,482.72,256.6,1138,1340.3,279.88,206.44,1007.4,1758.4,532.48,346.6,1889.2,953.76,367.08,2694.4
1449.7,4237.8,332.04,314.56,372.6,603.52,4001.6,369.56,332.76,1671.6,268.68,760.36,3273.9,710.24,257.36,202.32,653.4,3575.7,439.44,305.76,1842.2,1468,322.6,2215.5
733.04,5705,335.16,348,977.44,4591.2,1726.8,416.8,384.88,2269.7,379.92,560.16,2348,656.28,228.8,281.08,300.92,4187.6,442.64,359.12,2373.3,4537.2,353,1651.2
2838.6,4621.8,383.32,309.48,521.56,3088.8,1690,511,1579.6,1319.4,255.32,1798.2,632.4,618.56,222.6,176.4,341.12,4334.3,465.12,323.88,2651.4,4640.8,319.8,1370.9
1926.9,4165.3,1117.6,307.08,421.08,3089.1,1694.6,376,3993.1,2473.6,381.48,1416.2,973.96,618.24,267.12,246.16,358.4,3988,911.04,375.36,773.56,3331.5,1000.8,369.2
1653.7,1865.1,318.04,324,847.84,1157.1,1748.4,665.24,3610,1295.7,980.6,1635.6,490.32,613.68,233.68,240.08,321.92,3742.6,583.64,315.4,916.32,1115.2,362.4,665.6
3150.7,1195.1,340.88,1070.2,694.32,397.84,526.76,824.92,2658.3,339.92,350.28,1960.7,513.28,603.36,180.24,175.52,592.56,2938.2,435.8,344.64,1688.5,1016.1,314.8,977.16
6236.2,1181.6,1254.3,726.48,2501.3,404.92,417,550.52,836.6,391.24,912.8,1847.4,690.12,706.92,280.88,274.84,1087.6,2403,1932.1,309.8,1678.2,340.76,481.8,1426
4396.8,1141,3114.8,309.88,3571.6,347.56,680.96,390.32,662.4,401.28,1939.5,1985.5,661.72,626.36,267.08,184.6,2374.8,1160.4,3323.6,355.36,1150.4,323.84,2558,1828.2
4124.8,1141.6,2943.5,345.44,5620.4,343.04,709.68,1361,1620.7,346.6,2339,1466.2,1492.7,905.04,180.8,234.6,2571,1473.7,2265.9,1054.2,1652.8,361.76,2565.4,1720.9
3859.4,1067.2,2187,308.44,6017,320.92,1963.3,471.36,1192.3,422.76,1603.4,1887.3,512.68,1187,263,190.96,2516.7,1505.2,2360.7,742.56,3380.6,314.4,1728.5,1675.2
5322.3,581,2127.4,347.64,795.44,1051.7,2115.4,490.4,2139.6,316.48,1544.1,999.76,1555.5,626.56,239.36,235.6,1982.7,845.64,1752.3,338.52,2028.6,359.2,2091.2,623.12
5021.2,440.92,2364.9,363.6,416.72,361.28,1148.1,507.12,1528.5,441.36,1044.2,533.48,1970.9,610.4,203.8,216.28,1173.8,316.28,1671,339.52,569.6,323.08,1273.4,350.88
5604.2,883.8,2454,302.76,372.72,336.88,777.64,420.04,604.6,1711.5,2466.8,568.2,1040.3,585.16,260.44,232.92,547.24,359.48,930.56,2120.5,385.72,1585.6,1041.9,617.52
4496.8,2627.3,2669.6,302.56,400.56,546.84,1467.5,424.76,392.72,1856.8,890.6,559.6,324,837.04,182.88,257.64,374.8,418.48,393.8,3393.1,414.16,3590.3,1597.8,334.76
3752.3,2601.2,3846.8,350.88,387.4,1911.9,1715.3,452.96,1027.2,1933.4,3660.4,649.6,286.84,2296.2,242.16,175.32,364.32,659.08,456.92,2974.4,377.76,3235.1,1661.5,310.6
2932.3,2905.8,3020,295.36,331.32,2443.9,764.6,375.04,396.68,1635.2,1155.1,737.6,319,1667.8,277.68,253.2,300.88,818.24,720.88,3977.4,436.76,1992.9,3035.8,340.84
2466.7,3303.6,1645.5,1482,765.68,2449.9,418.64,456.36,322.32,1849.7,1178.6,1232.3,354.76,1109.1,200.4,194.16,314.2,826.04,599.52,3323.5,385,1601.6,4813.2,311.68
1620.1,3331.4,1557.7,359.88,555,3537.1,3288.5,451.12,351.52,1758.2,3488.3,1419.1,247.04,640.64,223.56,244.76,328.92,1153.5,584.4,2401.1,402.48,1656,3306.3,593.6
1652.1,2292.1,1364.5,306.52,814.4,2260.8,4811.9,990,1593.2,1173.5,2167.4,1271.1,363.68,592.88,265.88,194.68,1467.5,1725.7,479.12,2465.4,1884.2,1951.4,1594.8,1021
1609.4,1938.2,888.2,303.68,2708.4,2265.8,3753.8,894.04,2199.9,343.44,2174.3,1325.1,1886.5,602.8,210.36,222.44,2142.2,1831.8,1786,2588.6,2881.1,1351.8,2710.1,339.32
610.68,1787.3,2039.2,352.52,2431.2,1791.3,3674.3,429.36,1833.2,294.12,1955.1,624.44,1701.2,606.8,266.76,241.64,2143.4,1866.4,2306.4,3574.4,1691,647.12,1767.2,326.72
1885.4,1759.9,2177.6,309.84,1862.1,1758.6,3065.9,373.84,1628.1,301.72,1964.7,661.24,1564,747.36,204.76,216.52,1739.1,1949.9,2726.3,1869.1,1648.7,701.92,462.32,330.16
1199.3,931.36,575.76,306.4,2659.2,1845.8,1912.7,439.24,2863.6,352.56,3143.6,347.16,550.6,691.72,246.6,235.56,3245.9,1800.4,1180.1,928.28,1375.3,2038.8,549.68,350.32
2161,488.2,698.08,342.16,2218.8,3146.5,586.4,446.32,1692.4,367.12,1255.8,362,371.96,655.24,245.48,185.56,1563.9,1525.6,492.24,889.04,374.8,1550,599.24,305
2826.8,1398.5,488.36,335.12,2178.1,3086.8,408.44,392.24,387.76,275.44,411.12,355.2,298.36,1222.2,212.08,261.6,533.92,516.84,432.76,952.12,421.72,2021.3,431.68,309.44
2737.4,3051.1,351.44,307.88,2131,4074,397.72,375.76,1035.2,540.88,397.12,326.44,383.72,1915.4,263.28,162.96,404.36,1204,770.92,892.72,382.76,3373.7,440.04,317.16
1478.9,3421.7,344.36,857.24,2368.3,4456.6,467.28,423.32,1121.8,1267.1,346.44,311,522.52,1000.8,225.68,269.96,1668.4,3009.6,960.24,912.08,429.68,3337.6,586.48,477.2
619.92,2242,376.48,1031.2,3338.2,3810.6,621.68,438.8,1781.3,1937.4,441.2,359.72,1547.3,1788.9,197.8,209.76,3575.5,3725.7,461.36,899.96,379.4,3264.6,780.16,1300.8
959.32,3118.8,956.72,297.16,2206.8,3621.8,806.8,2726.8,1375.8,2016.1,317.64,435.44,567.44,762.68,285.24,206.84,3192.7,2981.9,393.2,1718.6,388,1355.4,427.96,313.84
2307,2528.2,482.32,301.84,1876.2,3248.3,392.44,3092.6,2415.4,767.48,441.2,298.4,514.76,946.12,156.56,191.96,2031.8,545.24,442,1738.4,398.12,440.88,403.48,322.24
4945.9,2109,1385.8,351.08,2950.7,3416.9,1229.2,5507,860.32,400.6,839.24,1826.2,2731.5,1067.6,256.64,255.8,416.72,417.44,1075.1,2188.7,1008,344,393.76,366.2
4565.5,1149.1,2564.8,298.68,3065.5,2766.4,3614.4,4563.8,1566.6,318.4,1931.8,586.88,2752.3,583.04,274.6,171.2,2008.7,400.84,2665.1,930.88,2404.6,311.32,1221.5,305.4
3501.3,1209.2,1696.6,372.8,2813.8,1646.5,1769,1796,2636.2,366.8,470.56,993.72,2105.6,630.24,173.48,267.44,1989.1,456.04,1756.3,897.32,1595.7,356.12,3445.8,308.6
2739.6,536.56,1622.8,355.24,3398.4,1577.1,1777.6,1263.5,1811.9,298.84,540.36,290.32,1075.6,557.68,270.32,183.28,845.52,338.64,1793.3,938.6,1861.4,806.64,2961,346.76
730.56,468.44,1797.3,304.88,1816.6,1026.1,1860.6,446.08,714.04,329.72,1263.3,345.04,848.16,602.36,181.56,222.2,605.4,469.48,2836.9,904.2,2373,508.04,1174.5,323.44
319.68,2137,2450,305.88,554.08,371,1815.2,635.76,1073.6,324.6,918.32,347.92,401.4,591.32,224.16,199.28,824.2,1167.7,2083.6,920.48,870,326.16,2819.8,304.44
354.88,975.04,1018.6,357.32,353.32,323.8,1778,1800.2,554.08,947.56,2003.9,352.8,410.04,797.6,214.32,267.6,537.52,918.8,1844.8,872.56,407.88,525.68,4089.9,1438.1
349.28,1876.6,473.84,958.72,400.52,329.48,1816,2517.1,354.68,1758.9,1933.9,375.68,328.88,1882,253.92,182.8,646.52,2952.1,707.2,906.72,445.08,3295.6,1955.8,701.8
347.36,1983.9,984.32,862.24,359.08,345.88,870.24,1453.7,381.2,1921.4,1742.4,539.64,383.52,1917.1,219.84,255.88,417.96,1865.1,567.92,1583.5,407,3729.8,2164.6,323.44
810.72,2325,1027,353.2,1235.9,830.68,476.08,2094,355.44,2161.1,1734.1,540.36,416.96,944.52,183.12,261.12,332.88,1892.4,775.88,875.48,426.12,1939.7,3253.2,310.64
568.08,1990.6,1224.9,299.68,334.76,1669.2,493.16,3659.4,348.96,2315.4,1650.9,545.84,932.36,504.04,273.2,224.76,391.6,2048.5,922.2,915.96,445.12,1089.2,980.88,349.32
373.92,2102.7,2380.7,312.36,419.28,2305.9,512.32,2693.5,347.72,4096.8,479.44,1565.4,852.68,622.04,227.28,260.92,1152.2,1981.9,533.6,888.36,369.16,966.44,1650.3,314.24
756.64,4739.9,2938.9,356.44,359.84,2985,435.48,2365.9,878.08,2128.5,852.72,932.2,1893.2,581.56,205.04,208.88,369.92,1732.8,852.08,920.64,816.8,1599.7,1725.1,327.52
2484.1,5352.6,3701.8,307.08,963.44,2777.7,676.68,2465.6,2293.6,1798.6,1937,268.28,1026.1,600.28,249.88,231.28,319.96,968.12,2379.2,882.44,2976,2823.8,2889.1,351.16
3115.4,4745.8,3151.2,303,1572.6,1650.9,1635.3,2916.9,2239.1,1155.8,1200.3,360.56,1969.1,588.2,227.48,186,604.96,720.92,2418.1,943.08,2647.6,3517.4,2806.5,322.72
2251.9,3208.8,3980.6,334.36,2455.8,812.44,2694.8,1798.5,2126.3,578.36,2501.5,324.56,1638.4,586.16,219.6,248.2,478.12,742.24,2708.2,882.2,2328.3,2375.6,1690.9,319.6
1830.6,1949.2,2204.7,319.8,2583.2,1438.1,3094.3,451,674.52,524.4,2018.4,377.68,612.68,631.84,251.08,176.24,634.56,671.16,2231.4,896.68,1703,1674.8,1019.6,1552.6
1784.6,755.04,406.28,314.08,2261.1,706.44,2148.8,376.36,316.56,614.44,1325.6,223.72,303.8,548.92,159,268.08,2758.9,444,569.84,1759.4,1659,1884.2,730.52,321.36
1851.7,837.16,409.52,1140.6,1969.2,4364.4,565.12,391.04,683.56,494.68,898.6,379.84,1512.3,1596.2,266.2,248.28,4289.5,378.12,1289,903.64,2062.1,1910.2,390.04,315.24
1800.1,1769,352.44,693.08,1870.3,1937.3,409.36,425.96,413.48,857.24,656.16,301.24,951.84,1954.2,267.32,167.4,2467.8,1136.2,451.44,911.44,2049.3,4682.1,416.48,340.16
888,2268.4,357.8,305.28,1858.1,4173.8,378.28,1204.5,684.68,1930.4,557.52,295.4,410.28,2376,169.32,258.64,2124.8,1706,499.92,882.44,846.44,2389.5,400.96,334.08
579.36,3264.4,426.52,1027,983.76,3666.8,394.76,1666.8,542.32,1563,618.4,427.16,2249,2702.3,249.92,188.72,1603,2473.5,511.48,908.08,672.88,4014,832,310.36
554.6,3536.1,358.52,2545.6,900.28,1303.7,446.12,1707.4,683.84,520.68,943.16,1687.1,1865,2370.5,259,256.8,861.96,2695.7,432.64,856.08,452.56,3606.9,645.04,769.28
763.84,2231.1,855.32,3417.5,637.24,502.28,386.68,643.8,943.36,538.6,474.4,1779.6,494.6,762.48,188.24,211.88,710.6,1457.2,519.92,1004,1775.8,4016.4,383.08,325.68
1349.1,1743.5,1753.8,3253,1132.1,436.72,1244,400.88,1233.3,334.76,249.44,1813.8,501.88,442.76,254.8,217.12,1025.4,404.28,2210.5,385,1333,3047.6,986.6,810.68
3609,1410.8,2994.3,1954.7,1747,412.04,1144.6,377.88,790.8,325.2,719.16,1520,442.24,503.12,197.28,191.52,1533.2,458.56,3577.4,584.04,1871.6,1490.2,2417.8,1274
6164.2,3245.8,3381,1952.5,1830.8,341.24,2055.5,460.92,1600.9,320.36,1070.2,557.76,496.24,417.36,219.4,256.68,3963.4,449.32,1883.9,1772.4,1629,350.32,2917.6,1327.5
5694.2,1351.2,2376.4,2004.4,2048.2,341.64,1707.2,458.24,3220,339.24,1581.6,564,1162.2,400.6,212.72,168.32,2191.2,367.92,1716,1438.8,2087.3,318,1741.8,1858.6
1339.8,573.16,1639,1814.8,2698.8,660.12,2290,371.6,1231.2,293.36,2159.4,463.4,1147.6,382.8,266.96,276.08,1369.4,433.76,2446.1,687.8,2017.3,364.16,1714.3,2496
877.12,517.8,1596.2,639.36,551.24,712.12,3333.2,370.84,357.72,781.36,2053.8,576,1116.2,396.76,209.28,201.48,741.2,382.36,2528,639.6,1006.5,329.04,1675.5,3085.5
877.88,1807.9,1611.3,692.72,1428.7,549.4,5356.3,944.68,447.6,612.32,3810.4,517.28,524.12,1164.5,194.32,218.56,591.4,969.12,1525.1,680.52,409.92,352,1677.6,1717.1
492.24,2600.4,1590.7,642.96,570.04,3070.9,2453.2,658.72,349.88,971.44,5154.6,510.44,1066.7,1791.4,270.16,278.28,601.64,3256.8,2454.2,635.96,380.24,986.12,1722.3,1755.1
513.52,1937.5,365.88,636.24,351.6,2404.3,439.44,364.68,376.36,1702,2812.5,316.88,317.76,1404.5,176.8,218.76,613.68,2002.6,984.48,713.6,401.12,1822.3,1629.4,1739.7
463.64,1799.2,535.48,694.12,335.2,1620.6,403.72,389.56,1100.9,1753.8,2585.2,307.72,381.28,894.12,253.2,246.96,482.72,1650.2,2742.1,865.76,378.48,1425.2,395.92,794.72
464.4,2018.6,534.88,657.68,381.8,1604.7,479.88,453.12,391.32,1146.1,1666.1,336.6,333.96,1562,183.76,251.88,1212.6,1179.3,2234.5,679.36,410.6,1145.3,447.6,872.92
536.92,1771.8,331.36,660.8,732.96,1558.3,406.96,369.48,322.56,697.68,1947,1242.6,364.6,1259.7,231.84,232.44,579.68,458.04,1995.7,1139,374.8,1211.5,1117.5,583.12
1411.6,503.44,1197.1,684.6,713.72,392.32,403.56,383.8,671.4,820.6,2878.2,428.08,341.4,880.64,292.08,229.36,1534.1,386.84,2479.9,1095.6,1222.8,1410.6,3185.1,321.08
2898.6,497.84,2047.5,692.88,328.8,331.12,515.56,410.2,2155,2836.5,4131.2,346.52,673.88,1508.5,195.64,196,2382.2,405.12,2631.2,341.44,2669.2,2344.7,2231.8,300.72
2677.6,507.2,2810.5,1291.1,915.04,346.6,1911.2,407.72,1271.9,3176,2524,274.04,1578,409.28,225.8,276.72,1998.4,386.32,2337.2,309.08,2446.2,2302.1,2610.5,349.08
1777.2,494.64,2188.3,1203.5,540,372.48,2026.2,377.12,372.6,1236.5,4278.5,348.44,581.24,343.76,189.64,246.96,1814.8,458.52,2097.1,336.4,1724.7,1681.5,3324.2,316.76
1864.1,533.32,1258.2,721.68,954.56,378.4,3506.3,1231.9,1103.1,949.24,1097.4,344.08,365.88,415.88,277.48,221.28,1880.9,415.88,1849.4,315.04,1848.5,1419.4,1895,982.24
3197.3,457.28,1120.6,656.92,1740.4,360.56,1151,443.8,429.72,1915.3,915.32,340.12,432.48,403.72,221.92,265.2,985.24,483.44,1740.6,308.2,818.76,1207.5,1150.6,533.52
6284.7,2053.2,1263.5,675.8,1961,364.24,412.6,383.96,1754.9,2014.2,593.36,282.28,633.88,646.44,195.16,225.52,741.2,1139.5,469.8,340.4,2172.4,4419.6,458.04,315.2
4425.9,3072.7,322.36,699.68,1890.4,1100.6,414.32,377.64,2812.8,2730.3,499.36,315.32,938.88,1814.8,258.36,202.36,960.52,1880.9,490.76,293.24,1164,3316.1,427.48,1300.2
3927.9,548.64,378.24,676.04,1878.8,2469.3,395.28,404.96,4042.9,2217.7,316.36,371.12,960.08,2906.6,241.44,253.52,824.04,2851.7,493.4,332.76,2704.6,7116.6,396.56,2536.4
2570.5,589.56,314.92,660.88,1473.2,3151.5,455.04,426.12,1708.6,1487.7,303.4,305.52,415.04,1994.2,208.68,184.88,762.36,4180.4,456.48,1108,5020.2,4988,1344.7,1915.5
2295.4,559.36,303.8,674.84,524.2,2821.2,396.08,384.88,567.2,1799,313.04,559.76,502.52,3637.6,242.64,274.36,724.56,2345.6,475.12,1126.4,4110.2,2982.7,426.28,1141.5
2475.8,2218,313.24,679.36,465.12,1751.1,495.52,363.4,788.6,2368.7,302.76,1324.5,1011.6,2271.7,227.92,255.96,1708.4,553.52,541.8,825.44,5437,1997.3,382.96,1015.8
3141.4,917.92,1066.4,667.88,3655.2,1675.3,1443.3,441.84,1490.2,1598,1839.8,592.32,857.76,552.4,212.4,172.36,1862.7,469.36,925.48,2218.2,4595.1,467.84,745.88,2349.2
2021.5,510.76,3652.7,1843.5,3453.9,935.76,2153.8,396.24,1287.7,1944.6,2809.3,592.92,994.2,487.16,262.2,250.44,3205.2,337.96,2568.5,1867.9,3980.5,460.76,4066.3,2158.9
1995.3,449.52,3536.4,732.68,4150.3,406.12,1691.8,1300,2786.5,1082,1937,860.88,1896.3,468.88,254.36,1934.3,2733,438.16,1947,1854.5,4876.3,403.68,2941.5,2750.7
3030.8,438.76,1783.5,672.2,3459,413.48,1738.5,513.52,4010,415.92,1883.8,582.28,4607,433.72,178.4,2882.2,3107.4,448,2208.3,2033.8,4482.8,446.32,2255.5,1987.8
2825.6,454.08,1670.7,661.84,2320.5,351.44,1832.4,433.36,2291.9,262.96,1559.3,948.32,1017.8,481.44,268.56,2571.1,1581,363.2,2200.6,2234,3874.1,396.44,1732.8,1875.3
1568.5,481.08,1703.4,739.6,1814.8,329.12,481.56,381.6,487.24,323.68,268.16,1187.9,744.88,403.36,186.4,3465.6,1066.3,622.4,2965.1,2223.2,5130,408.72,1824.6,1864.5
593.24,1590.8,1712.6,666.24,1624.1,391.52,521.2,428.44,355.88,351.16,330.28,767.56,674.16,788.12,239.16,3071.5,422.64,1821.8,1558.8,1833.6,3205.7,1022.9,1909.6,2094.4
548.4,2686.2,2481.2,1364.4,1165.9,1569.8,1267.3,433.36,963.92,273.68,254.28,3560,333.6,2033,255.92,3171.7,315.6,3254.4,940.28,1860.3,2796.3,3176.5,1793.1,3783.6
525.84,2049.7,2821.8,2765.5,383.32,1787.2,1240.8,385.68,328.52,1220.4,321.68,3048,412.44,1033.4,164.16,1965.6,343.64,1690.8,1207,1102.9,2969.6,2029.6,2152.3,5014.8
558.36,1932.9,1727.9,1068.6,325.32,1799.7,594.92,378.64,394.92,1276.2,1325.9,2137.3,350.88,1389.7,272.4,3814.5,373.08,1692,1243,568.64,598.36,1927.5,1517.2,2430.4
576.88,1507.3,1642.4,775.04,326.72,1873,1438.1,394.72,267.4,1666.4,624,2733.6,385.24,1392.6,261.52,2167.8,313.08,1752.1,800.96,605.16,961.96,1909,560.68,1255.6
533.52,525.48,1163.9,1562.7,320,1847,1690.7,437.4,418.92,1709.7,425.6,2053.8,756.68,386.6,153,1749.4,332.48,3517.6,501.04,582.32,335.96,1904.6,858.8,690.52
