10.33,13.09,10.68,13.08,10.33,13.82,16.8,16.76,12.34,32.78,24.48,21.08,21.86,27.49,30.02,24.88,26.85,29.48,26.96,20.96,19.23,16.57,18.12,14.34
10.06,14.64,10.42,12.76,10.41,14.63,16.44,16.28,12.07,32.87,23.71,21.02,22.25,28.21,29.33,24.95,26.51,30.97,26.2,20.83,19.36,17.06,17.25,14.32
10.31,16.32,9.49,12.5,10.17,14.92,15.7,15.98,11.97,32.81,22.65,21.01,22.73,28.39,28.52,25.02,26.4,31.2,25.02,20.73,19.39,17.55,15.51,14.23
10.1,17.1,8.53,12.21,9.98,14.63,14.28,15.62,13.12,32.9,21.75,21.22,24.3,28.48,27.47,25.12,26.59,31.24,23.47,20.52,19.45,18.08,15.07,14.17
9.86,17.24,8.43,12.08,10.58,14.01,13.11,15.25,14.83,32.75,20.88,21.52,26.73,28.51,26.05,24.9,28.42,31.3,22.69,20.24,19.68,18.47,14.93,14.02
10.94,17.39,8.5,12.29,11.64,13.47,12.91,15.26,16.1,32.32,20.94,21.62,29.27,28.41,25.4,24.48,30.52,31.3,22.58,20.01,20.75,18.75,14.95,13.88
12.6,17.05,8.39,12.98,12.22,12.68,13.09,15.4,17.21,31.71,21.44,21.66,30.74,28.19,25.24,24.17,32.49,31.01,22.48,19.89,21.65,18.62,15.04,13.48
13.03,16.56,8.28,12.24,12.79,12.03,12.9,15.34,17.95,30.97,22.16,21.73,31.42,27.78,24.98,23.79,33.66,30.3,22.39,19.8,22.64,18.15,15.08,13.33
13.12,14.9,8.12,11.18,13.55,11.68,12.53,15.06,18.87,29.97,22.33,21.89,31.48,27.15,24.72,23.48,33.8,29.17,22.33,19.83,23.65,16.95,14.98,13.09
13.18,13.93,8.05,10.93,14.26,11.19,12.38,14.85,19.32,28.24,21.8,23.01,30.97,26.14,24.47,23.74,33.51,27.44,22.13,19.83,24.22,16.35,14.76,12.98
13.27,13.12,7.4,11.13,14.6,10.3,12.3,15.21,19.25,25.8,21.41,24.83,30.41,24.44,24.3,25.69,33.07,25.83,21.82,20.12,24.41,16.33,14.51,12.98
13.33,12.64,6.88,12.93,14.62,10.27,12.23,15.42,19,25.24,21.2,26.38,29.76,23.24,24.1,27.56,32.36,25.32,21.54,21.37,24.19,16.23,14.16,13.43
13.25,12.34,6.65,14.06,14.38,10.11,12.12,15.75,18.47,25.01,21.36,27.68,29.12,22.93,23.84,28.98,31.43,25.09,21.39,22.61,23.65,16.36,13.77,13.9
12.8,12,6.53,14.8,13.84,9.9,11.95,16.34,18.01,24.51,21.07,28.67,28.47,22.6,23.62,29.71,30.42,25,21.3,24.13,22.84,16.46,13.39,14.08
11.45,11.27,6.51,15.19,12.91,9.94,11.61,16.9,17.37,24.02,20.76,29.21,27.75,22.1,23.48,30.03,29.34,24.89,21.31,25.6,21.64,16.4,13.23,14.2
11.26,10.79,6.62,15.3,11.26,10.09,11.53,17.39,16.43,23.66,22.01,29.3,26.96,21.77,24.62,30.1,27.92,24.82,21.37,26.02,20.58,16.23,13.14,14.24
11.25,10.55,6.96,15.29,10.94,10.2,12,17.61,14.8,23.45,25.05,29.12,25.78,21.48,27.01,30.06,26.37,24.73,21.82,26,20.23,16.04,13.07,14.2
11.08,10.16,9.43,15.29,11.02,10.28,12.52,17.81,14.24,23.23,26.77,28.87,24.72,21.2,28.95,29.93,25.87,24.6,22.96,25.84,20.01,15.88,14.01,14.18
11.01,10.2,11.17,15.17,11.05,10.28,13.76,17.98,14.01,22.91,27.47,28.62,24.5,20.94,30.79,29.56,26.17,24.5,24.39,25.48,19.97,15.72,15.94,14.04
10.8,10.13,11.34,14.71,11.05,10.16,15.01,17.96,13.88,22.58,27.66,28.32,24.76,20.83,31.42,29.08,26.56,24.47,25.69,24.74,20.04,15.56,17.28,13.84
10.49,10.05,11.66,13.55,10.9,9.9,15.83,17.63,13.58,22.32,27.49,27.9,24.9,20.53,31.14,28.35,26.04,24.52,26.92,23.5,20.05,15.61,18.26,13.43
10.27,9.88,11.98,12.17,10.31,9.54,16.26,16.65,13.33,23.62,26.75,27.31,24.84,21.63,30.54,27.26,25.48,24.62,27.66,21.51,20,15.43,18.77,13.58
10.04,9.71,12.21,11.73,9.78,9.48,16.39,15.15,13.22,26.56,25.62,25.94,24.87,23.34,30.08,25.51,25.14,25.94,27.68,20.58,19.99,15.27,18.94,13.86
9.87,10.53,12.28,11.18,9.19,9.76,16.24,14.97,13.22,28.72,24.74,24.82,24.72,25.3,29.74,25.01,25.05,28.42,27.3,20.12,20.12,16.3,18.68,14.04
9.71,11.6,12.12,10.71,8.68,10.2,15.85,15.03,13.24,30.9,23.76,24.66,24.45,26.85,29.37,24.8,25.09,30.87,26.53,19.97,20.16,17.71,18.23,14.22
9.51,12.56,11.77,10.35,8.35,10.87,15.3,15.13,12.95,32.22,22.52,24.73,24.23,27.89,28.79,24.65,25.19,32.2,25.4,19.91,20.14,18.65,17.51,14.33
9.33,13.28,10.71,10.01,8.2,11.45,14.62,15.14,12.75,33.03,21.2,24.73,24.22,28.4,27.97,24.4,25.08,32.69,24.03,19.93,20.11,19.39,16.15,14.38
9.13,13.57,9.77,9.87,8.1,11.75,13.3,15.03,13.58,33.51,20.01,24.8,25.01,28.53,27,24.18,25.3,32.74,22.72,19.98,19.89,19.88,15.89,14.48
9.05,13.55,9.73,9.8,8.83,11.95,11.93,14.9,16.08,33.72,18.76,24.8,26.97,28.48,25.68,24.03,26.9,32.44,22.19,19.91,19.62,20.1,15.73,14.33
9.8,13.3,9.78,9.54,11.11,11.94,11.55,14.77,17.87,33.68,18.1,24.74,29.86,28.33,24.62,23.76,29.04,31.96,22.01,19.76,20.55,20.05,15.61,14.08
10.86,12.87,9.83,9.29,12.72,11.73,11.34,14.61,19.51,33.4,17.93,24.04,31.19,28.08,24.37,23.4,31.26,31.22,21.59,19.73,21.48,19.69,15.5,13.79
11.58,12.27,9.87,9.03,13.78,11.4,11.09,14.51,20.67,32.73,17.82,23.33,31.84,27.6,24.41,23.07,32.92,30.27,21.23,19.87,22.29,19.05,15.32,13.71
12.21,11.26,9.83,8.92,14.48,10.98,10.96,14.47,21.4,31.54,17.63,22.72,32.02,26.8,24.32,22.8,33.58,29.12,21.06,19.92,22.94,17.5,14.9,13.68
12.65,11.05,10.01,8.74,15.34,10.3,10.96,14.85,21.51,29.44,17.38,23.3,31.99,25.68,24.29,23.15,33.83,27.73,20.96,19.95,23.35,16.56,14.36,13.59
12.84,10.99,10.29,9.04,16.15,10.13,10.5,17.27,21.1,26.77,17.13,25.28,31.89,24,24.26,25.24,33.9,26.73,20.87,20.31,23.44,16.28,13.94,13.76
12.79,10.97,10.37,11.41,16.59,10.19,10.41,19.04,20.55,25.86,16.91,27.06,31.69,22.65,24.16,27.59,33.67,26.42,20.91,22.23,23.2,16.12,13.77,14.46
12.66,10.94,10.41,12.42,16.6,9.99,10.42,21.46,20.03,25.28,16.7,28.09,31.36,22.26,24.01,29.46,33.02,26.3,21.01,23.98,22.76,16.1,13.76,15.72
12.2,10.95,10.34,12.94,16.17,9.93,10.5,22.93,19.56,24.64,16.47,28.49,31.21,21.98,23.76,30.4,31.7,26.12,21.13,25.73,22.06,16.11,13.79,16.55
11.41,10.93,10.23,13.37,14.97,10.05,10.82,23.12,18.98,24.12,16.38,28.44,30.89,21.66,23.44,30.57,29.48,25.94,21.21,26.94,21.05,16.08,13.84,17.12
11.59,10.87,9.95,13.66,12.65,10.15,11.15,22.93,18.12,23.91,17.28,27.9,29.89,21.4,23.84,30.31,27.29,25.77,21.32,27.23,19.77,15.95,13.7,17.39
11.73,10.64,9.29,13.64,12.18,10.16,13.09,22.52,16.76,23.9,18.07,27.07,27.82,21.21,25.3,29.95,26.02,25.54,21.95,27.4,19.35,15.88,13.42,17.33
11.76,10.33,10.32,13.51,12.31,10.15,14.92,21.94,16.17,24.01,19.03,26.2,26.15,20.94,27.02,29.6,26.18,25.3,23.22,27.39,19.08,15.76,14.58,16.99
11.52,10.15,11.91,13.26,12.67,10.05,16.16,21.38,15.52,24.13,19.94,25.37,25.5,20.76,28.96,29.15,26.48,25.18,24.53,27.21,18.85,15.48,16.55,16.5
11.32,9.99,13.12,12.82,12.88,9.96,17.12,20.77,14.94,24.26,20.56,24.47,25.17,20.76,29.84,28.58,26.73,25.22,25.59,26.58,18.62,15.21,18.26,15.76
11.15,9.88,13.79,11.95,12.71,9.94,17.69,20.12,14.52,24.41,20.99,23.52,24.98,21.07,30.03,27.83,26.72,25.39,26.3,25.21,18.4,15.03,19.18,14.15
11.04,9.83,14.15,10.87,12.39,9.92,17.81,18.98,14.23,25.83,21.31,22.46,24.93,22.52,29.83,26.73,26.87,25.71,26.57,22.83,18.29,15.13,19.65,13.62
10.9,9.77,14.28,10.73,12.26,10.33,17.77,17.38,13.98,29.01,21.55,21.09,24.85,24.85,29.4,25.18,27.08,27.11,26.41,22.33,18.27,15.43,19.7,13.55
10.73,10.37,14.21,10.65,12.16,10.84,17.64,17.02,13.76,31.73,21.62,19.87,24.65,26.72,28.95,24.55,27.17,29.41,26.11,22.51,18.26,16.77,19.37,13.52
10.26,10.92,13.92,10.63,12.16,11.36,17.26,16.95,13.6,33.6,21.48,19.29,24.45,28.02,28.48,24.36,27.33,31.02,25.71,22.96,18.19,18.94,18.77,13.53
9.88,11.11,13.34,10.62,12.3,11.98,16.63,17.03,13.53,34.47,21.14,19.04,24.36,29.28,27.85,24.15,27.54,31.9,25.04,23.4,18.04,20.29,18.01,13.55
9.9,11.26,11.81,10.55,12.4,12.37,15.78,17.11,13.4,35.01,20.57,18.87,24.37,30.11,27.01,23.97,27.83,32.3,24.1,23.26,17.83,20.99,16.86,13.57
9.77,11.3,10.9,10.48,12.51,12.23,14.32,17.09,14.19,35.21,19.74,18.96,25.44,30.37,25.88,23.74,28.08,32.44,22.98,22.59,17.6,21.32,16.12,13.53
9.45,11.37,10.69,10.3,13.87,11.82,12.73,16.9,16.56,34.98,18.35,18.88,27.75,30.38,24.61,23.51,29.86,32.44,22.29,21.94,17.58,21.41,15.48,13.43
10.41,11.28,10.49,9.94,16.51,11.37,12.46,16.54,18.27,34.42,17.31,18.8,29.89,30.19,23.94,23.23,32.37,32.37,21.94,21.51,19.3,21.29,14.97,13.63
11.39,11.03,10.3,9.52,18.46,10.78,12.23,16.12,18.96,33.61,17.01,18.85,31.08,29.74,23.92,22.89,35.18,32.13,21.68,21.37,20.39,20.93,14.56,13.74
11.8,10.63,10.12,9.15,20.51,10.28,12.05,15.9,19.48,32.76,16.58,18.9,31.53,28.91,23.8,22.56,36.37,31.59,21.45,21.51,21.5,20.27,14.22,13.7
11.88,9.75,9.95,8.91,21.29,9.81,12.02,15.71,20.01,31.73,16.23,19.08,31.32,27.78,23.9,22.31,36.83,30.6,21.24,21.78,22.49,18.4,13.98,13.65
11.92,9.61,9.87,8.73,21.5,9.47,12,15.97,20.34,29.84,15.98,20.07,30.98,26.41,24.08,22.72,36.92,28.95,21.06,22.02,23.21,17.65,13.88,13.49
12.12,9.93,9.77,9.23,21.58,9.3,12.3,18.56,20.41,27.01,15.79,21.17,30.59,24.73,24.02,24.55,36.8,27.98,21.13,22.49,23.5,17.49,13.85,13.23
12.12,10.15,9.64,11.26,21.65,9.13,12.24,20.58,20.24,25.98,15.65,22.44,30.19,24.12,23.75,26.76,36.53,27.77,21.15,24.07,23.24,17.17,13.87,13.65
11.98,10.01,9.68,13.57,21.54,8.86,11.74,22.75,20.11,25.55,15.42,23.6,29.86,24.41,23.51,28.62,36.05,27.63,21.19,25.92,22.69,16.88,13.83,14.92
11.62,9.68,9.8,15.75,21.14,8.55,11.37,23.13,19.61,25.26,15.11,24.51,29.42,24.69,23.38,29.59,35.67,27.5,21.25,27.33,21.9,16.55,13.74,15.94
10.47,9.23,9.7,16.83,19.65,8.28,11.17,22.95,18.9,24.98,15.06,25.19,28.69,24.87,23.31,30.14,35.17,27.24,21.36,28.3,20.76,16.07,13.64,16.59
9.49,8.9,9.47,17.23,17.5,8.4,11.47,22.73,17.98,24.74,16.68,25.46,27.44,24.85,24.22,30.1,33.4,26.99,21.32,29.28,19.88,15.65,13.52,16.9
8.92,8.72,9.22,17.15,16.7,8.09,13.43,22.6,16.69,24.68,19,25.29,25.73,24.81,26.23,29.66,32.28,26.87,21.9,29.49,19.61,15.4,13.37,16.98
8.64,8.65,10.57,16.7,16.15,7.61,15.72,22.54,16.43,24.68,21.01,24.95,24.48,24.82,27.98,29.15,32.33,26.85,22.93,29.13,19.4,15.23,14.44,16.81
8.57,8.66,11.55,16.26,15.47,7.29,17.58,22.4,16.33,24.65,22.24,24.51,24.04,24.91,28.99,28.52,32.71,26.72,23.99,28.24,19.28,15.14,16.22,16.43
8.51,8.54,12.14,15.77,15.06,7.05,18.79,22.03,16.11,24.45,22.9,23.84,23.87,24.72,29.51,27.9,33.26,26.44,24.87,27.05,19.08,15.1,18.28,15.7
8.6,8.56,12.98,14.94,15.01,6.84,19.33,21.22,15.81,24.05,23.17,22.83,23.9,24.41,29.73,27.08,33.69,26.23,25.51,25.56,18.9,15.18,19.38,13.98
8.84,8.72,13.92,14.17,14.96,6.71,19.86,19.45,15.47,24.71,23.26,21.75,23.98,25.22,29.74,25.9,33.85,26.24,25.84,23.5,18.78,15.29,19.98,13.41
8.94,9.01,14.63,13.65,14.66,8.13,20.23,17.69,15.42,27.69,23.22,20.81,23.94,26.82,29.64,24.51,33.75,27.35,25.9,23.25,18.74,15.47,20.2,13.33
8.98,9.99,14.78,13.04,14.51,9.08,20.23,17.68,15.4,30.31,23.08,20.48,23.62,28.52,29.47,23.76,33.46,29.3,25.8,23.26,18.62,17.3,20.05,13.29
8.92,10.87,14.04,12.36,14.02,9.52,20.26,17.9,15.83,32.94,22.87,20.31,23.12,29.92,29.19,23.57,33.19,30.73,25.52,23.68,18.55,19.54,19.59,13.26
8.87,11.48,13.19,11.9,14.08,9.86,20.08,17.92,16.12,33.81,22.52,20.03,22.78,30.68,28.67,23.4,33.04,31.69,24.86,24.19,18.34,21.45,18.85,13.29
8.67,11.94,11.91,11.39,14.01,9.93,19.64,17.67,16.23,33.98,21.93,20.03,22.62,31.04,27.8,23.33,33.16,32.37,23.83,24.4,18.16,22.5,17.72,13.24
8.23,12.03,10.98,10.83,13.9,9.94,18.09,17.62,16.39,33.97,20.94,19.96,23.82,31.24,26.69,23.3,32.73,32.71,22.36,24.04,18.02,23.04,17.04,13.13
7.58,11.98,10.78,10.65,14.78,9.5,17.34,17.84,17.51,33.75,19.45,19.78,25.7,31.15,25.48,23.21,32.48,32.9,21.44,23.19,18.31,23.26,16.35,12.98
7.1,12.02,10.82,10.6,17.6,9.15,17.55,18.34,18.05,33.35,18.73,19.67,28.03,30.93,24.72,22.91,34.03,32.97,20.99,22.43,19.33,23.23,15.94,12.72
7.73,12.03,10.59,10.49,19.58,9.01,17.96,18.7,18.69,32.8,18.4,19.55,30.13,30.52,24.31,22.4,35.35,32.86,20.65,22.11,19.48,22.8,15.76,12.41
8.9,11.87,10.37,10.28,21.31,8.68,18.19,18.91,19.6,32.08,18.01,19.39,31.4,29.8,24.05,22.13,35.56,32.42,20.39,21.98,19.55,21.91,15.62,12.17
10,11.41,10.23,10.08,22.68,8.22,18.3,18.86,20.32,31.14,17.55,19.32,31.4,28.63,23.83,22.07,35.58,31.62,20.26,22.06,20.26,20.12,15.44,12.05
10.63,11.58,10.02,9.87,22.7,7.64,18.58,19.08,20.21,29.2,17.2,20.35,30.69,27.18,23.54,22.33,35.4,30.23,20.26,22.2,20.65,19.45,15.29,11.82
11,11.8,9.73,9.65,22.04,7.26,18.07,20.43,19.48,26.55,16.96,21.53,30.03,25.76,23.16,23.78,35.22,29.4,20.3,22.65,20.48,19.3,15.11,11.45
11.33,11.82,9.49,10.08,21.51,6.96,18.16,21.68,18.72,25.76,16.75,22.87,29.51,25.11,22.83,25.54,35.27,29.1,20.33,25.24,19.76,18.87,15.02,12.12
11.35,11.82,9.17,10.48,21.31,6.8,18.65,21.32,18.08,25.5,16.61,24.24,29.2,24.93,22.63,27.32,35.22,28.81,20.31,28.19,19.19,18.26,15.01,14.23
11.23,11.78,8.84,10.9,20.85,6.67,19.08,21.15,17.39,25.29,16.55,25.3,28.87,24.79,22.48,28.85,34.9,28.42,20.26,30.08,18.74,17.47,15.02,15.9
10.12,11.7,8.65,11.07,19.29,6.46,19.23,21.34,16.44,24.98,16.58,25.95,28.44,24.38,22.41,29.33,34.26,27.93,20.26,30.68,18.3,16.76,15.01,16.99
9.59,11.57,8.33,11.16,18.15,6.52,19.37,22.49,15.34,24.33,17.84,26.16,27.73,23.78,23.51,29.15,32.81,27.53,20.32,30.55,18.16,16.34,15.02,17.64
9.69,11.4,8.1,11.28,17.36,6.6,20.11,23.59,14.05,23.7,20.1,26.24,26.13,23.3,25.26,28.98,31.98,27.26,21.43,30.07,18.3,16.12,14.89,17.95
9.67,11.28,9.82,11.3,16.09,6.69,21.26,23.73,13.85,23.25,22.33,26.22,24.73,22.97,27.04,28.73,32.12,26.83,24.48,29.53,18.41,15.96,15.02,17.95
9.78,11.21,11.48,11.34,15.37,6.76,22.43,23.76,13.5,22.98,24.01,26.02,24.3,22.77,28.37,28.26,32.4,26.37,27.37,28.84,18.54,15.77,15.53,17.63
9.95,11.08,12.98,11.08,14.73,6.83,23.39,23.39,13.42,22.77,25.08,25.59,24.05,22.73,29.18,27.55,32.21,25.87,28.84,27.76,18.74,15.6,15.69,16.72
10.19,11.01,13.87,10.79,14.61,6.87,24.06,22.29,13.42,22.6,25.69,24.95,23.76,22.83,29.49,26.61,31.64,25.7,29.39,26.19,18.89,15.43,15.09,14.56
10.33,10.94,14.27,10.38,15.3,6.87,24.44,20.32,13.63,23.86,25.83,24.26,23.54,24.02,29.55,25.41,31.3,25.35,29.31,24.15,18.9,15.25,14.56,13.9
10.5,10.81,14.28,10.4,15.9,7.53,24.51,18.23,13.86,27.23,25.69,23.23,23.42,25.98,29.44,24.03,31.45,26.15,28.79,23.26,18.8,15.12,14.29,13.82
10.7,10.92,14.23,10.47,16,8.26,23.98,18.13,13.92,29.83,25.42,22.33,23.33,27.87,29.19,23.24,31.46,28.17,28.08,22.92,18.47,16.8,14.27,13.88
10.87,11.08,14.13,10.51,15.43,8.8,22.91,18.58,14.08,32.65,25.04,21.98,23.32,29.38,28.84,22.99,31.18,30.02,27.34,22.87,17.93,18.34,14.32,14.01
11.04,11.3,13.66,10.3,14.6,9.9,21.3,18.8,14.33,33.97,24.54,21.48,23.41,30.15,28.29,22.83,30.28,31.18,26.52,22.94,17.44,19.11,13.92,14.05
11.22,11.39,12.24,10.24,14.02,10.99,20.01,18.81,14.51,34.39,23.9,20.96,23.58,30.2,27.5,22.64,29.37,31.73,25.54,22.85,17.1,19.35,13.3,13.9
11.28,11.44,11.12,10.29,13.6,12.02,18.17,18.88,15.02,34.3,22.97,20.55,24.74,30.05,26.4,22.44,28.94,31.87,23.77,22.69,16.77,19.49,13.33,13.62
11.26,11.48,11.06,10.35,13.98,12.57,16.58,19.05,15.64,33.86,20.99,20.23,26.41,29.8,25.01,22.24,30.55,31.73,22.71,22.51,16.5,19.48,13.58,13.37
11.37,11.25,11.01,10.34,15.46,12.62,15.74,19.11,16.3,33.35,19.9,19.97,28.29,29.44,24.03,22.08,32.92,31.36,22.29,22.33,17.55,19.28,13.79,13.21
11.63,11.01,10.94,10.36,17.44,12.31,15.22,19.36,17.21,32.91,20.15,19.72,30.03,28.98,23.45,21.97,34.69,30.7,22.21,22.16,18.27,18.94,14.08,13.2
11.95,10.64,10.66,10.37,18.82,11.83,14.59,18.79,18.18,32.41,20.69,19.51,30.55,28.45,23.11,21.82,35.61,29.71,22.37,21.99,18.93,18.42,14.22,13.27
12.24,9.91,10.48,10.4,18.08,11.33,13.59,18.15,18.79,31.54,20.92,19.5,30.29,27.59,22.9,21.57,35.5,28.52,22.51,21.62,19.52,17.47,14.3,13.23
12.48,9.63,10.3,10.43,15.94,10.52,13.14,17.76,19.07,29.93,20.91,21.54,29.87,26.55,22.65,22.08,34.87,27.15,22.44,21.42,19.87,16.64,14.21,13
12.71,9.12,10.05,10.65,13.96,9.76,12.96,18.81,19.08,27.53,20.8,24.12,29.51,24.99,22.33,23.96,34.22,26.01,22.35,21.63,19.94,16.21,14.01,12.58
12.67,9.2,9.63,12.15,12.92,9.13,12.55,21.19,18.91,26.78,20.86,26.36,29.17,23.9,22.05,25.99,33.59,25.76,22.32,23.37,19.75,15.96,13.66,13.07
12.68,8.87,9.24,12.67,12.44,8.89,12.43,23.26,18.58,26.51,21.27,27.4,28.69,23.5,21.84,27.59,33.02,25.69,22.3,25.09,19.48,15.89,13.48,15.18
12.55,8.87,9,12.98,11.91,8.95,12.26,23.82,18.12,26.35,21.81,28,28.13,23.28,21.69,28.62,32.46,25.56,22.31,26.23,18.99,15.81,13.43,16.84
12.22,8.72,8.87,13.69,11.28,9.24,12.31,23.64,17.48,25.87,21.95,28.33,27.37,23.16,21.58,29.15,31.74,25.11,22.35,26.58,18.03,15.73,13.54,17.9
11.92,8.76,8.69,14.14,10.8,9.51,12.37,23.4,16.67,25.18,22.83,28.57,26.42,23.01,22.87,29.18,30.48,24.41,22.4,26.41,17.13,15.73,13.58,18.4
11.97,8.65,8.87,14.2,10.69,9.58,13.53,23.31,15.64,24.53,24.41,28.74,25.05,22.79,24.83,28.99,29.65,23.74,23.35,25.9,17.33,15.51,13.56,18.48
11.9,8.54,11.05,14.01,10.75,9.48,14.48,23.29,15.54,24.21,26.62,28.75,23.89,22.63,27.26,28.72,29.62,23.31,26.22,25.23,17.34,14.73,14.12,18.3
11.96,8.42,12.67,13.77,10.98,9.35,15.37,22.96,15.33,24.22,28.27,28.55,23.39,22.61,29.48,28.35,29.58,23.12,29.07,24.52,17.26,14.58,15.01,18
12.13,8.29,14.04,13.37,11.23,9.25,16.12,22.38,15.11,24.74,28.82,27.98,23.12,22.71,30.74,27.77,29.42,23.07,30.85,23.77,17.15,14.77,15.35,17.1
12.11,8.19,15.28,12.48,11.51,9.21,16.55,21.54,14.94,24.73,28.97,27.18,22.95,22.86,30.98,26.87,29.18,23.04,31.37,22.86,17.05,15.08,15.81,15.38
11.9,8.01,16.23,11.21,11.76,9.23,16.64,20.69,14.73,24.62,29.05,26.21,22.88,24.04,30.62,25.59,28.87,23,31.12,21.7,17.05,14.87,16.03,14.65
12.05,7.71,16.8,11.12,11.99,10.23,16.65,20.64,14.62,26.19,29.19,24.96,22.7,25.58,30.22,24,28.37,23.89,30.39,21.23,17.05,14.95,15.98,14.4
12.19,7.59,17.05,10.9,12,11.33,17.08,20.89,14.36,27.37,29.23,24.41,22.48,27.94,29.84,23.29,27.83,25.31,29.51,21.23,17.04,15.33,15.88,14.26
12.15,7.5,16.88,10.83,12.12,12,17.15,20.4,14.01,28.9,29.12,24.44,22.26,29.58,29.47,22.99,27.27,27.15,28.76,21.33,17.09,15.87,15.74,14.23
11.88,7.59,16.19,10.78,11.95,12.9,16.54,19.82,13.55,30.08,28.78,24.57,22.06,30.08,29.06,22.74,26.65,28.58,28.02,21.35,17.12,16.4,15.33,13.94
11.43,7.87,14.19,10.73,12.15,13.49,15.73,19.27,12.93,30.02,28,24.49,22.01,29.94,28.48,22.62,25.88,29.13,27.11,21.3,17.19,16.65,14.48,13.56
10.73,8.44,12.77,10.65,12.26,13.77,14.49,19.12,14.01,28.95,26.65,24.21,22.96,29.81,27.48,22.58,25.81,29.36,25.3,21.13,17.11,16.98,14.46,13.23
9.83,9.01,12.4,10.21,12.61,13.91,13.35,19.19,15.82,27.92,24.37,24.05,24.25,29.8,25.69,22.58,27.4,29.37,24.55,20.9,17.08,17.33,14.62,13.02
10.48,9.5,12.02,9.73,13.37,13.9,13.52,19.26,17.17,26.89,23.15,23.97,25.61,29.79,24.79,22.58,29.08,29.21,24.29,20.62,18.42,17.53,14.76,12.89
11.7,9.63,11.55,9.26,13.9,13.87,13.47,19.31,18.48,26.19,22.97,23.72,26.88,29.63,24.68,22.58,30.26,28.85,24.3,20.24,19.07,17.51,14.75,12.69
12.98,9.23,11.12,9.12,14.94,13.62,13.35,19.15,19.6,25.91,23.32,23.2,27.89,29.17,24.62,22.58,30.83,28.08,24.51,19.76,19.38,17.2,14.61,12.54
14.02,8.28,10.78,9.3,15.65,13.05,13.26,18.48,20.31,25.29,24.15,22.62,28.38,28.46,24.51,22.61,31.48,26.83,24.69,19.26,19.61,16.37,14.35,12.49
14.77,7.5,10.56,9.44,15.9,11.43,13.17,18.55,20.61,23.26,24.33,23.21,28.45,27.51,24.57,23.12,31.93,25.3,24.77,19.01,19.94,15.9,14.07,12.34
15.26,6.99,10.4,10.1,15.98,10.37,13.07,20.15,20.87,20.95,24.05,24.75,28.26,26.16,24.69,24.82,31.98,24.23,24.68,19.49,20.09,16.01,13.76,12.1
15.4,6.84,10.3,11.41,16.02,10.3,12.9,22.19,20.98,19.76,23.87,25.85,27.94,25.03,24.75,26.45,31.88,23.97,24.44,22.3,20.12,16.15,13.32,12.95
15.2,6.86,10.26,12.48,15.95,10.45,12.65,23.14,20.85,19.22,23.83,26.69,27.4,24.63,24.71,27.53,31.66,23.63,24.15,24.88,19.83,16.22,12.85,14.47
14.4,6.83,10.23,13.54,15.49,10.34,12.34,23.71,20.62,19.09,23.93,27.3,26.76,24.33,24.66,28.12,31.2,23.33,23.88,26.99,19.44,16.25,12.56,15.02
12.05,6.67,10.16,14.39,14.55,9.94,12.28,23.91,20.18,18.98,23.95,27.61,25.88,23.96,24.63,28.34,30.29,23.07,23.73,28.09,18.58,16.15,12.46,15.73
11.05,6.34,9.98,15.06,12.83,9.48,12.12,24.06,19.1,18.94,24.39,27.64,24.83,23.53,25.16,28.34,28.72,22.94,23.58,28.41,17.8,15.83,12.53,16.26
10.59,5.98,10.08,15.4,12.37,9.37,13.12,24.15,17.25,19.05,25.91,27.58,23.58,23.09,26.74,28.36,27.2,22.73,24.19,28.29,17.87,15.57,12.73,16.44
10.19,5.64,12.76,15.38,12.2,9.56,14.05,24.19,16.91,18.73,27.37,27.38,22.74,22.87,29.02,28.22,26.96,22.31,27.24,27.89,18,15.57,13.75,16.3
9.91,5.36,15.08,15.24,11.99,9.85,15.05,24.16,16.51,18.7,29.44,27,22.57,22.91,30.94,27.87,26.97,21.98,30.23,27.33,18.15,15.55,16.02,15.83
9.76,5.15,16.6,14.84,11.58,9.89,15.58,24.14,16.59,18.33,30.7,26.34,22.59,22.95,31.37,27.29,26.84,21.77,31.97,26.45,18.23,15.41,17.24,14.98
9.65,4.95,17.4,13.76,11.09,9.12,16.19,23.95,16.79,18.51,31.19,25.45,22.62,23.12,31.3,26.46,26.53,21.56,32.36,25.01,18.23,15.32,18.15,13.35
9.58,4.8,17.92,12.08,10.86,8.46,16.77,22.87,17.13,18.72,30.97,24.3,22.47,24.51,31.11,25.3,26.19,21.55,32.39,23.11,18.06,15.32,18.71,13.07
9.51,4.81,18.27,11.43,10.81,10.08,16.96,21.87,17.9,19.27,30.24,22.8,22.29,26.95,30.95,24.21,25.86,22.85,31.9,22.64,17.85,15.28,18.91,13.01
9.4,6.65,18.36,10.87,10.98,12.69,16.85,21.62,17.77,20.18,29.51,21.41,22.12,29.33,30.86,23.59,25.69,24.95,31.19,22.74,17.72,16.25,18.86,12.84
9.22,8.75,18.12,10.7,11.26,14.65,16.47,21.4,17.47,21.01,28.76,20.83,21.98,30.67,30.74,23.22,25.66,26.87,30.61,23.13,17.74,17.28,18.64,12.61
9.04,9.88,17.39,11.07,11.4,16.01,15.85,21.1,17.21,21.73,27.96,20.47,21.83,30.94,30.56,22.93,25.76,28.03,30.1,23.57,17.77,17.77,18.08,12.45
8.86,10.68,15.4,11.56,11.42,17.08,14.91,20.89,16.78,22.19,27.17,20.14,21.91,30.65,30.23,22.71,26.01,28.59,29.45,23.73,17.75,18.25,16.57,12.37
8.71,11.06,13.71,11.58,11.52,17.47,13.66,19.25,17.82,22.51,26.15,19.93,22.98,30.33,29.37,22.61,26.41,28.71,27.72,23.63,17.67,18.51,16.4,12.31
8.65,11.08,13.09,11.42,12.42,17.51,12.2,17.18,20.23,22.47,24.32,19.73,24.73,30.26,27.33,22.43,28.22,28.63,27.22,23.52,17.62,18.49,16.2,12.24
10.15,10.94,12.41,11.1,14.93,17.61,12.08,15.91,21.99,22.21,23.1,19.33,26.32,30.12,26.62,22.3,30.33,28.37,26.78,23.15,19.01,18.48,15.89,12.23
12.12,10.68,11.83,10.52,17.07,17.78,12.19,15.08,22.35,21.71,22.94,19.03,27.56,29.72,26.42,22.32,32.12,27.91,26.65,22.83,19.81,18.3,15.49,12.13
13.33,10.16,12.01,10.59,18.48,17.97,12.27,14.51,22.47,20.99,22.96,18.9,28.37,29.01,26.28,22.47,33.38,27.23,26.56,22.26,20.42,17.69,15.51,12.03
13.79,8.42,12.5,11.01,19.11,17.57,12.35,14.19,22.82,20.22,22.97,18.76,28.58,27.97,26.18,22.61,34.4,26.26,26.45,21.76,21.07,16.44,15.55,12
13.97,7.58,12.55,11.39,19.18,16.38,12.12,14.88,23.14,19.54,22.77,20.28,28.29,26.69,26.29,22.99,34.37,25.01,26.33,21.52,21.69,15.92,15.21,11.9
14.05,7.65,12.31,11.52,18.86,15.58,11.99,16.91,23.43,18.84,22.35,22.39,27.9,25.11,26.37,25.23,34.16,24.03,26.11,22.07,21.66,15.86,15,11.92
13.98,7.85,11.48,11.96,18.43,15.23,11.87,18.08,23.57,18.41,22.14,24.6,27.51,24.13,26.41,27.97,33.77,23.64,25.86,25.63,21.51,15.81,14.82,12.5
13.52,8.02,10.91,12.17,18.01,14.87,11.82,19.08,23.57,18.09,22.05,25.98,26.94,23.98,26.15,30.05,33.25,23.52,25.45,28.37,21.28,15.87,14.69,13.37
12.41,7.96,10.86,12.41,17.44,14.49,11.76,19.75,23.05,17.83,22.12,26.51,26.26,23.81,25.8,31.08,32.76,23.27,24.97,30.16,21.01,15.88,14.69,13.7
11.44,8.12,10.73,12.62,16.39,14.21,11.73,20.03,21.62,17.29,22.44,26.65,25.4,23.64,25.19,31.26,32.37,22.98,24.72,30.95,20.34,15.8,14.59,14.19
10.95,8.24,10.4,12.98,14.4,14.08,11.86,20.05,19.73,16.91,23.73,26.58,24.3,23.59,25.76,30.91,30.98,22.78,24.3,31.26,19.6,15.7,14.4,14.5
10.74,8.08,10.12,13.43,14.25,13.99,12.92,19.92,18.25,16.8,24.93,26.42,23.11,23.57,28.02,30.51,29.26,22.58,25.3,31.13,19.45,15.54,14.2,14.63
10.65,8.05,10.15,13.56,14.77,13.79,13.68,19.65,18.07,16.65,25.69,26.16,22.26,23.4,29.97,30.14,29.15,22.51,28.69,30.6,19.4,15.37,15.19,14.58
10.57,7.82,10.3,13.44,14.87,13.57,14.73,19.23,18.2,16.65,26.56,25.68,22,23.13,31.19,29.76,29.43,22.42,31.2,29.82,19.34,15.26,17.41,14.24
10.35,7.61,10.5,13.07,14.69,13.37,15.66,18.71,18.22,16.51,27.46,25.1,21.84,22.88,31.43,29.18,29.84,22.26,33.41,28.93,19.09,15.26,19.07,13.55
10.18,7.45,10.83,12.33,14.61,13.27,16.31,18.19,18.23,16.51,27.98,24.47,21.42,22.67,31.17,28.33,29.98,22.08,33.92,27.05,18.57,15.3,20.24,12.03
10.05,7.37,11.28,11.72,14.51,13.17,16.53,17.23,18.09,16.67,27.8,23.59,21.17,23.75,30.82,27.29,29.86,21.94,33.91,25.26,18.19,15.34,20.64,11.81
9.78,7.31,11.51,11.26,14.48,14.24,16.48,15.51,17.69,16.59,27.51,22.1,21.08,25.58,30.61,25.8,29.86,22.89,33.75,24.68,18.19,15.32,20.44,11.96
9.56,8.8,11.35,11.06,14.33,16.34,16.15,14.76,17.46,17.09,27.44,20.81,20.99,27.84,30.37,25.05,29.31,24.4,33.38,24.44,18.43,16.43,19.71,12.08
9.51,10.58,11.12,11.01,14.06,17.76,15.39,14.22,17.27,17.94,27.3,20.4,20.85,29.37,29.97,24.58,28.4,26.06,32.85,24.17,18.45,17.37,18.57,12.17
9.62,11.27,10.84,10.92,13.94,18.65,14.73,13.83,17.11,18.42,26.86,20.09,20.89,30.18,29.29,24.3,27.86,27.39,32.15,23.89,18.48,17.89,17.48,12.28
9.89,11.8,10.36,10.58,13.98,18.97,14.22,13.54,16.86,18.8,25.94,19.69,20.93,30.48,28.21,24.15,27.43,28.3,30.9,23.55,18.72,18.58,15.96,12.27
10.08,12.18,10.09,10.22,14.14,18.87,13.65,13.35,17.12,18.79,24.58,19.37,21.49,30.4,26.83,24.17,26.94,28.57,28.33,23.4,18.75,18.95,15.33,12.23
10.1,12.36,10.01,10.28,15.53,18.51,13.11,13.42,18.11,18.66,22.64,19.06,22.82,30.22,25.28,24.3,27.72,28.4,27.55,23.43,18.7,19.15,15.29,12.17
10.06,12.4,10.15,10.1,18.24,18.05,12.49,14.09,18.66,18.56,21.04,18.82,24.8,29.99,24.39,24.41,29.22,28.01,27.52,23.3,19.23,19.19,15.27,12
10.08,12.27,10.2,10.15,20.44,17.56,12.53,14.11,18.62,18.39,20.59,18.69,26.39,29.59,23.89,24.43,30.66,27.43,27.31,23.1,20.75,18.98,15.05,11.85
10.09,11.79,9.98,10.01,22.3,16.95,12.26,13.75,18.22,18.12,20.43,18.55,27.25,28.97,23.73,24.23,32.28,26.53,26.61,22.98,22.54,18.37,14.78,11.7
10.04,10.92,9.76,10.04,22.83,16.12,12.01,13.44,17.73,17.75,20.4,18.55,27.44,28.1,23.41,24.13,32.82,25.37,26.44,22.91,23.52,16.6,14.37,11.58
10.08,10.69,9.58,10.02,23.15,14.47,11.9,13.97,17.25,17.46,20.54,19.52,27.23,27,23.16,24.24,32.83,24.2,26.33,22.82,23.83,15.38,13.99,11.45
10.18,10.67,9.44,10.27,23.44,13.47,11.58,15.92,17.3,16.77,20.58,20.76,26.8,25.56,22.97,25.97,32.62,23.76,26.37,23.4,23.86,15.13,13.62,11.36
10.28,10.83,9.37,11.46,23.63,13.25,11.31,17.95,18.01,16.37,20.39,22.18,26.34,24.43,22.8,28.38,32.29,23.69,26.23,26.51,23.86,15.07,13.47,12.16
10.45,10.8,9.2,12.27,23.32,12.98,11.18,19.13,19.32,16.55,20.05,23.35,25.91,23.91,22.76,30.19,31.76,23.43,26.27,28.57,23.84,15.3,13.43,13.55
10.6,10.97,8.92,12.85,22.18,12.63,11.18,20.08,19.57,16.62,19.72,24.14,25.5,23.64,22.69,30.92,31.11,23.19,26.23,30.08,23.55,15.62,13.4,14.12
10.58,11.19,8.69,13.33,20.62,12.37,11.19,21.19,18.9,16.62,19.42,24.48,24.8,23.3,22.6,31.12,30.26,22.96,26.11,30.67,21.79,15.62,13.36,14.76
10.15,11.51,8.56,13.96,18.76,12,11.44,22.32,18.01,16.52,20.12,24.62,23.83,23,23.06,31.18,29.02,22.8,25.92,31.04,20.24,15.66,13.41,15.14
10.3,11.7,8.62,14.23,17.55,11.67,12.29,22.88,16.58,16.38,21.4,24.65,22.7,22.73,24.02,31.1,27.51,22.55,26.44,31.3,19.65,15.73,13.47,15.25
10.44,11.4,8.87,14.14,16.87,11.27,12.77,22.96,16.22,16.08,22.8,24.54,22.22,22.51,25.15,30.81,27.33,22.4,28.51,31.39,19.37,15.9,14.3,15.05
10.18,10.4,9.07,13.63,16.48,10.86,13.53,23.1,15.94,15.71,24.14,24.28,22.09,22.34,26.25,30.3,27.38,22.33,30.79,31.08,19.31,16.05,15.15,14.63
9.92,8.3,9.21,13.05,16.4,10.45,14.36,23.08,15.66,15.38,25.21,23.78,21.94,22.24,27.01,29.65,27.44,22.23,33.19,30.29,19.23,16.03,15.41,13.9
10.07,6.75,9.29,12.14,16.37,10,14.97,22.45,15.37,15.19,25.76,23.05,21.8,22.3,27.5,28.75,27.12,22.09,34,28.21,19.04,15.75,16.08,12.05
10.18,6.36,9.48,10.65,15.94,9.62,15.27,20.4,15.07,16.94,25.79,22.12,21.72,23.95,27.87,27.63,26.6,22.04,34.22,26.56,19.12,15.57,16.58,11.65
10.05,6.09,9.79,10.4,15.18,10.98,15.31,18.13,15.01,18.62,25.78,20.87,21.61,26.46,28.12,26.27,26.03,22.74,34.2,26.24,19.21,15.43,16.97,11.88
9.9,6.33,9.94,10.55,14.47,12.96,15.05,17.08,14.93,19.4,25.75,19.65,21.66,28.69,28.08,25.62,25.57,23.96,33.94,25.99,19.23,16,16.93,12.03
9.37,6.81,10.07,10.75,14.28,14.7,14.65,16.26,14.79,20.12,25.5,19.17,21.72,30.01,27.8,25.45,25.36,25.52,33.6,25.93,19.15,17.58,16.58,12.02
9.07,7.31,9.83,10.93,13.65,15.77,14.12,15.65,14.58,20.82,24.84,18.85,21.81,30.71,27.3,25.37,25.33,27.15,33.15,25.68,19.04,18.67,15.95,11.83
9.12,7.8,9.01,10.82,13.05,16.36,13.49,15.4,14.36,21.41,23.85,18.58,21.9,30.92,26.55,25.39,25.43,28.01,31.81,25.11,18.8,19.58,14.93,11.67
9.15,8.37,8.27,10.62,12.54,16.51,12.58,15.18,14.97,21.81,22.64,18.33,22.69,30.9,25.63,25.26,25.58,28.31,30.22,24.67,18.51,20.09,14.81,11.67
9.15,8.82,7.91,10.23,13.02,16.41,11.83,14.63,16,21.9,20.9,18.13,23.81,30.86,24.65,25.05,27.29,28.06,29.17,24.48,18.28,20.32,14.93,11.67
9.55,8.94,7.48,9.96,14.3,16.16,11.7,14.26,17.5,21.8,19.51,18.09,25.48,30.73,24.4,24.87,29.75,27.6,28.56,24.34,19.52,20.35,15.02,11.59
10.14,8.76,7.1,9.55,15.08,15.79,11.48,14.12,18.84,21.44,19.29,18.01,26.93,30.43,24.31,24.72,32.3,26.95,28.08,24.17,21.57,19.84,15.12,11.47
10.4,8.33,6.62,9.08,15.99,15.19,11.26,13.87,19.78,20.89,19.55,17.95,27.73,29.83,24.25,24.58,33.05,26.05,26.78,24.08,23.42,19.04,15.1,11.31
10.56,7.33,6.05,8.63,16.76,14.26,10.98,13.63,20.36,20.04,20,17.9,27.94,28.8,24.15,24.48,32.69,24.93,25.91,24.3,24.38,17.23,15.28,11.16
10.53,6.6,5.64,8.43,16.96,12.78,10.65,13.77,20.58,19.08,19.86,19.12,27.78,27.47,23.99,24.62,32.41,23.69,25.39,24.43,24.42,16.51,15.23,11.06
10.43,6.47,5.31,9.23,16.77,12.08,10.31,14.02,20.52,17.7,19.43,20.9,27.58,25.66,23.78,26.19,32.63,23.01,25.11,24.27,24.17,16.58,15.07,10.97
10.32,6.26,5.21,11.92,16.4,12.11,9.99,14.46,20.28,17.23,19.13,23.08,27.34,24.65,23.42,28.22,32.93,22.87,24.75,24.76,23.69,16.84,14.83,11.31
10.18,6.09,4.86,13.94,15.95,11.32,9.93,15.05,19.86,17.19,18.48,25.21,27.08,24.62,23.16,29.74,33.12,22.8,24.3,25.83,23.26,17.21,14.54,12.73
9.94,5.85,4.52,15.56,15.32,11.09,10.03,15.8,19.23,17.04,17.88,26.4,26.49,24.71,22.95,30.49,33.04,22.67,24.12,26.95,22.76,17.51,13.98,13.83
9.42,5.51,4.13,16.24,14.24,10.96,10.08,16.12,18.46,16.9,17.9,26.77,25.6,24.73,22.83,30.66,32.58,22.72,24.19,28.16,21.87,17.3,13.35,14.73
9.26,5.15,4.26,16.13,12.69,10.98,10.38,16.23,17.57,16.78,18.98,26.63,24.56,24.66,23.17,30.59,30.82,22.86,24.19,28.51,21.26,17.12,12.75,15.29
9.02,4.75,4.21,15.8,12.19,11.05,11.1,16.12,16.13,16.37,20.07,26.45,23.38,24.51,24.01,30.48,29.15,22.8,24.88,29.18,20.86,16.95,11.86,15.56
8.9,4.37,5.14,15.53,12.37,11.12,11.68,15.93,15.66,16.01,21.83,26.3,22.8,24.22,25.17,30.26,28.85,22.63,27.32,29.6,20.34,16.82,12.73,15.53
8.88,4.15,5.56,15.04,12.66,11.21,12.45,15.55,15.44,15.69,23.98,25.94,22.75,23.8,26.4,29.87,28.78,22.35,29.89,29.52,19.82,16.84,14.94,15.23
8.8,4.12,5.9,14.28,12.73,11.4,12.82,15.05,15.13,15.44,25.4,25.29,22.73,23.45,27.38,29.22,28.69,22.23,31.37,28.93,19.26,16.83,16.53,14.44
8.63,4.12,6.12,13.14,12.48,11.61,13.11,14.51,15,15.3,25.89,24.36,22.58,23.05,27.99,28.2,28.53,22.15,32.08,27.38,18.8,16.77,17.62,12.62
8.44,4.16,6.18,11.52,12.66,11.58,13.25,13.93,14.72,16.54,25.9,23.19,22.47,24.01,28.21,26.97,28.48,22.04,32,25.15,18.44,16.62,18.31,12.29
8.26,4.38,6.23,11.19,12.53,12.09,13.18,13.57,14.45,18.8,25.93,21.84,22.37,26.09,28.22,25.48,28.48,23.05,31.06,24.36,18.19,16.47,18.67,12.32
8.07,6.08,6.28,11.19,12.26,14.12,13.08,13.42,14.58,20.92,26.05,20.86,22.26,28.34,28.05,24.76,28.4,24.22,29.87,23.88,17.98,16.77,18.6,12.28
8.06,8.25,6.01,11.3,12.01,15.42,12.9,13.64,14.77,22.32,25.94,20.47,22.18,30.06,27.69,24.57,28.34,25.51,28.74,23.31,17.8,17.58,18.16,12.04
8.21,9.67,5.49,11.48,11.92,16.94,12.75,13.48,15.08,23.24,25.31,20.33,22.17,30.64,27.15,24.52,28.32,26.97,27.51,22.82,17.64,18.1,17.3,11.65
8.35,10.46,4.62,11.38,11.9,17.77,12.61,13.38,15.25,23.89,24.33,20.2,22.08,30.93,26.3,24.4,28.38,27.87,25.91,22.46,17.48,18.72,15.37,11.34
8.37,10.9,3.36,11.08,11.77,18.3,12.31,13.35,15.93,24.3,23.09,20.14,23.05,31.01,25.27,24.16,28.5,28.01,24.22,22.35,17.41,19.3,14.76,11.12
8.3,11.14,2.96,10.65,12.81,18.65,12.12,13.3,18.24,24.82,21.65,19.97,24.89,31.01,24.29,23.73,30.32,27.77,23.44,22.69,17.44,19.7,14.44,10.91
9.05,11.13,2.62,10.27,15.62,18.97,11.89,13.35,20.33,25.11,21.23,19.78,26.98,30.76,23.99,23.37,33.42,27.46,23.02,23.48,18.71,19.76,14.26,10.87
10.42,10.8,2.34,10.34,17.3,18.65,11.69,13.4,22,24.96,21.39,19.98,28.38,30.23,23.83,23.07,36.15,27.04,22.74,23.81,20.26,19.35,14.2,11.03
11.35,10.08,2.15,10.62,18.41,18.14,11.37,13.4,22.73,24.32,21.51,20.1,29.1,29.44,23.69,22.85,37.22,26.33,22.47,23.45,21.27,18.51,14.02,11.1
11.84,8.41,1.99,10.7,18.74,17.18,11.36,13.32,22.98,23.25,21.39,20.22,29.26,28.45,23.57,22.73,37.31,25.23,22.22,22.81,21.68,16.79,13.71,11.15
12.02,7.74,1.84,10.62,19.14,16.29,11.27,13.52,22.94,21.82,21.25,21.54,29.19,27.3,23.4,23.05,37.19,23.95,22.09,22.33,21.76,16.11,13.4,11.09
12.07,7.83,1.8,10.94,19.61,15.82,11.22,14.04,22.69,19.98,21.23,23.65,29.08,25.98,23.16,24.69,36.88,23.12,21.98,22.33,21.46,16.16,13.08,10.94
12.21,7.73,2.05,12.24,19.76,15.44,11.19,14.4,22.52,19.26,21.08,26.5,28.91,25.27,22.99,27.5,36.4,23.08,21.98,24.52,20.98,16.23,12.76,11.65
12.12,7.58,2.37,12.94,19.69,15.09,11.1,14.85,22.48,19.84,20.75,28.18,28.54,25.36,22.84,29.51,35.82,23.15,21.98,27.19,20.47,16.08,12.55,13.98
11.66,7.44,2.54,13.45,19.12,14.8,11.08,15.51,22.34,20.03,20.27,28.88,27.92,25.56,22.73,30.23,34.95,23.15,21.85,29.36,19.93,15.72,12.4,15.65
9.88,7.26,2.67,13.51,17.79,14.54,10.97,16.17,21.85,19.98,19.98,29.02,27.08,25.34,22.58,30.26,33.46,23.05,21.69,30.41,19.04,15.47,12.23,16.71
8.98,7.18,2.98,13.47,16.55,14.3,11.08,16.55,20.64,19.69,20.99,28.9,26.12,24.9,23.23,29.94,31.4,22.93,21.47,30.87,18.62,15.26,12.01,17.28
8.68,7.16,3.33,13.51,16.44,13.82,12.04,16.49,18.62,19.51,22.64,28.69,24.85,24.54,24.05,29.58,29.74,22.84,22.01,30.93,18.5,15.06,11.8,17.57
8.46,7.15,4.65,13.56,16.65,13.63,12.71,16.33,18.04,19.39,23.89,28.5,23.83,24.36,25.28,29.17,30.08,22.77,23.43,30.75,18.41,14.87,13.19,17.54
8.33,7.1,5.3,13.57,16.86,13.48,13.79,16.51,18.02,19.3,24.93,28.23,23.73,24.38,26.51,28.53,30.8,22.69,25.15,30.39,18.37,14.78,15.87,17.26
8.24,7.01,5.88,13.35,17.19,13.42,14.78,16.76,18.27,19.12,25.64,27.78,23.78,24.68,27.44,27.73,30.71,22.64,26.77,29.92,18.4,14.76,17.66,16.58
8.1,6.96,6.33,12.8,17.64,13.44,15.44,16.21,18.39,18.72,25.77,27.06,23.76,25.09,27.98,26.66,29.5,22.58,27.73,28.5,18.47,14.73,18.83,15.71
7.9,6.92,6.7,11.78,17.86,13.39,15.81,15.13,18.12,19.58,25.69,26.21,23.75,26.23,28.07,25.41,28.61,22.48,27.81,26.26,18.75,14.69,19.59,15.17
7.73,6.96,7.01,11.78,17.76,15.12,15.94,13.97,17.9,21.66,25.57,24.98,23.69,27.76,27.87,24.3,28.07,23.55,27.42,25.27,19.17,14.72,19.86,14.23
7.64,8,7.16,11.89,18.12,17.3,15.88,13.56,17.71,23.49,25.23,23.99,23.59,29.3,27.6,23.94,27.75,24.44,26.87,24.78,19.48,14.95,19.75,13.01
7.64,9.32,6.93,11.8,18.4,18.83,15.66,13.28,17.47,25.13,24.8,23.69,23.48,30.54,27.23,23.86,27.57,25.72,26.15,24.28,19.13,15.12,19.32,12.17
8.07,10.26,6.32,11.43,18.05,19.75,15.3,13.04,17.37,25.9,24.37,23.39,23.32,31.26,26.6,23.6,27.4,26.83,25.13,23.87,18.75,15.16,18.22,11.54
8.18,11.02,5.36,11.12,17.9,20.04,14.87,12.49,17.3,26.13,23.62,23.17,23.13,31.63,25.78,23.32,27.11,27.55,23.76,23.52,18.55,14.93,16.03,11.24
8.19,11.58,3.86,11.08,17.19,19.94,13.98,12.05,18.12,26.08,22.57,23.15,24.39,32.06,24.83,23.15,26.9,27.82,22.19,23.3,18.38,14.88,15.67,11.37
8.37,11.99,3.16,11.12,17.77,19.83,12.66,11.71,21.08,25.78,21.12,23.37,26.26,32.37,23.82,23,28.05,27.66,21.51,23.29,18.3,14.89,15.56,11.65
9.49,12.15,2.65,10.99,19.9,19.73,12.24,11.33,23.61,25.26,19.94,23.37,27.93,32.23,23.47,22.85,29.35,27.16,21.46,23.39,18.76,14.8,15.05,11.77
10.9,11.98,2.2,10.83,21.61,19.55,11.91,11.05,24.88,24.52,19.43,23.59,28.94,31.77,23.18,22.73,30.64,26.57,21.25,23.36,19.35,14.58,14.48,11.66
11.26,11.39,1.87,10.64,23.68,19.11,11.55,10.81,25.19,23.6,19.01,23.5,29.36,31.12,23.22,22.58,32.01,25.99,21.19,23.31,19.58,14.29,14.1,11.52
11.63,9.77,1.85,10.44,25.48,18.18,11.12,10.79,25.3,22.39,18.82,23.46,29.32,30.09,23.1,22.35,32.4,25.09,21.02,23.29,20.01,13.77,13.81,11.36
11.99,9.08,2.07,10.24,25.79,16.57,10.77,11.57,25.23,20.93,18.5,24.63,29.29,28.8,22.91,22.52,32.28,24.07,20.73,22.96,20.37,13.37,13.69,11.24
12.35,9.01,2.23,10.92,25.47,15.81,10.56,14.21,25.14,19.4,17.85,26.65,29.3,27.6,22.7,24.04,31.99,23.38,20.37,22.94,20.57,13.33,13.72,11.1
12.57,8.83,2.31,12.65,24.09,15.65,10.48,15.83,24.95,18.4,17.31,28.19,29.24,27.23,22.48,25.85,31.56,22.94,20.4,25.05,20.36,13.26,13.76,11.9
12.45,8.68,2.37,13.61,22.3,15.37,10.46,16.81,24.69,18.04,16.85,29.19,29.07,27.4,22.3,27.58,30.96,22.62,20.64,27.69,19.95,13.14,13.75,14.19
11.91,8.61,2.55,14.4,20.51,15.21,10.45,17.57,24.26,17.78,16.52,29.74,28.71,27.35,22.19,28.48,30.14,22.43,20.69,29.83,19.49,13.16,13.65,16.36
10.91,8.77,2.8,14.81,19.14,15.26,10.46,18.23,23.55,17.69,16.66,29.94,27.9,26.79,22.08,28.84,29.06,22.27,20.81,30.64,18.83,13.25,13.59,17.84
10.61,8.82,3.17,15.21,18.43,15.4,10.63,18.63,22.37,17.6,18.26,29.96,26.73,26.01,22.6,28.73,27.61,22.06,20.98,30.94,18.62,13.33,13.38,18.4
10.65,8.48,3.36,15.33,18.13,15.44,12.8,18.72,20.25,17.51,19.56,29.86,25.15,25.41,23.8,28.49,26.22,21.82,21.47,30.76,18.58,13.46,13.13,18.46
10.5,8.2,4.68,15.18,17.77,15.4,14.48,18.28,20.05,17.18,20.87,29.59,23.89,25.43,26.02,28.19,25.92,21.69,22.51,30.24,18.52,13.56,14.45,18.19
10.39,7.71,5.9,14.78,17.41,15.02,15.84,17.59,20.71,16.78,21.95,29.15,23.26,25.96,27.64,27.69,26.26,21.76,23.87,29.46,18.46,13.57,17.14,17.61
10.48,7.54,7.06,14.25,17.4,14.15,16.8,17.03,21.15,16.26,22.78,28.51,22.85,26.24,28.64,26.93,26.15,21.97,25.22,28.12,18.4,13.54,18.91,16.58
10.23,7.48,8.05,13.31,17.26,13.32,17.36,16.4,21.19,15.74,23.56,27.69,22.63,26.4,29.03,25.93,25.58,22.13,26.19,25.96,18.4,13.51,20.12,14.96
9.8,7.53,8.55,11.36,17,12.65,17.61,15.41,21.07,16.81,24.12,26.68,22.5,27.06,28.98,24.71,25.13,22.14,26.66,23.81,18.47,13.48,20.74,14.13
9.54,7.91,8.75,10.85,16.94,13.8,17.57,14.51,20.96,17.98,24.57,25.29,22.3,28.54,28.72,23.54,24.89,23.56,26.65,23.51,18.6,13.53,21.05,13.01
9.33,8.65,9.33,10.74,16.98,14.41,17.33,14.31,20.94,19.3,24.91,24.3,22.13,30.03,28.43,22.9,24.88,26.22,26.48,23.44,18.69,14.51,20.8,12.12
9.54,9.87,9.76,10.57,16.7,14.45,16.89,14.1,21.05,20.53,24.92,24.18,22,31.25,28.02,22.65,24.94,28.7,26.23,23.13,18.62,15.53,20.3,11.52
9.68,10.73,9.63,10.08,16.05,14.55,16.26,14.06,21.1,21.57,24.46,24.12,21.87,32.29,27.51,22.54,25.37,30.65,25.71,22.76,18.81,16.04,19.03,11.23
9.77,11.51,8.59,9.66,15.08,14.86,15.45,14.06,21.08,22.3,23.6,24.1,21.77,33.09,26.75,22.51,25.73,31.42,24.51,22.48,18.93,16.76,17.37,11.25
9.87,11.99,7.9,9.64,14.17,15.04,14.24,13.81,21.48,22.62,22.9,24.02,23.21,33.04,25.75,22.4,25.65,31.43,22.73,22.15,18.94,17.41,16.94,11.38
9.94,12.21,8.26,9.87,14.38,15.33,12.98,13.64,23.31,22.66,21.76,24.1,24.92,32.72,24.74,22.26,26.65,31.07,21.73,21.99,19,17.77,16.63,11.44
10.4,12.23,8.61,9.95,15.02,15.27,12.61,13.4,25.11,22.47,21.34,24.15,26.63,32.11,24.2,22.13,28.23,30.47,21.54,22.02,19.62,17.83,16.39,11.45
11.38,12.04,8.85,9.7,16.4,15.04,12.39,13.07,26.25,22.06,21.26,24.03,27.94,31.38,23.93,22.05,29.65,29.72,21.53,21.98,20.68,17.62,16.24,11.41
11.75,11.71,9.27,9.32,17.76,14.63,12.15,12.62,27.24,21.45,21.17,23.85,28.55,30.5,23.82,22.18,30.49,28.79,21.61,21.96,21.31,17.11,16.25,11.32
12.19,11.44,9.72,9.14,18.54,13.98,11.9,12.33,27.8,20.65,21.05,23.6,28.71,29.32,23.73,22.27,30.89,27.45,21.4,22.13,21.79,15.5,16.36,11.12
12.39,11.42,10.33,9.18,18.7,12.82,11.9,12.75,27.94,19.64,20.96,24.72,28.65,28.05,23.65,22.53,30.95,25.62,20.98,22.17,22.01,14.9,16.5,10.95
12.65,11.03,10.82,9.96,17.91,12.16,11.85,14.83,27.82,18.27,21.02,26.8,28.58,26.93,23.53,23.73,30.69,24.72,20.73,22.26,22,14.91,16.79,11.18
12.73,10.89,11.01,12.57,16.73,11.69,11.65,16.85,27.36,17.19,20.3,28.46,28.51,26.65,23.44,26.17,30.4,24.81,20.82,23.08,21.76,14.84,17.12,12.21
12.62,10.74,10.75,14.48,15.73,11.31,11.46,18.51,26.72,17.04,19.87,29.47,28.33,26.69,23.33,28.48,30.12,25.11,20.9,24,21.34,14.74,17.08,13.86
12.44,10.61,10.05,15.53,15.05,11.04,11.3,19.34,26.08,16.8,19.42,30.07,28.01,26.58,23.32,29.54,29.48,25.37,20.81,24.91,20.76,14.61,17.44,15.69
11.6,10.18,9.87,16.51,14.34,10.89,11.25,19.68,25.23,16.56,19.25,30.29,27.3,26.34,23.31,29.9,28.36,25.44,20.8,25.69,19.33,14.55,17.6,17.51
11.19,9.9,9.9,17.08,13.76,10.8,11.63,19.77,23.87,16.41,20.73,30.25,26.31,25.89,24.01,29.89,26.94,25.58,20.79,26.15,18.37,14.6,17.44,17.99
11.12,9.8,10.01,17.16,13.6,11.23,13.75,19.69,22.11,16.34,23.23,30.08,24.9,25.28,25.74,29.72,25.77,25.9,21.18,26.19,18.15,14.66,16.84,18.15
10.86,9.83,11.01,16.83,13.43,11.73,15.94,19.5,22.02,15.87,25.23,29.81,23.7,24.76,27.67,29.37,25.37,26.15,22.32,25.91,17.91,14.74,17.19,17.97
10.59,10.01,11.73,15.7,13.23,11.91,17.5,19.15,22.23,16.05,26.54,29.43,23.04,24.55,29.01,28.94,25.15,26.21,23.41,25.32,17.65,14.81,18.76,17.42
10.41,10.2,12.23,14.63,13.05,11.94,18.27,18.61,22.67,15.38,27.34,29,22.87,24.51,29.78,28.37,24.94,26.15,24.77,24.4,17.42,14.8,19.43,16.44
10.37,9.9,12.8,13.65,12.95,11.87,18.65,17.85,23.23,15.51,27.75,28.43,22.73,24.6,30.04,27.66,24.71,25.98,26.12,23.23,17.24,14.82,19.68,15.32
10.4,9.38,13.09,12.67,12.88,11.91,18.74,16.71,22.86,16.44,27.97,27.63,22.73,25.4,30.04,26.71,24.62,25.73,26.68,22.19,17.25,14.79,19.77,14.93
10.34,9.18,13.21,12.72,12.77,12.33,18.68,14.87,21.77,16.94,28.12,26.03,22.78,26.76,30.05,25.64,24.47,26.21,26.58,21.8,17.37,14.58,20.32,14.17
10.3,10.3,13.05,13.05,12.77,12.62,18.41,14.15,20.8,17.89,28.09,24.51,22.94,28.73,29.93,25.27,24.2,27.91,26.08,21.66,17.45,15.05,20.71,13.38
10.33,12.12,13.01,13.26,13.12,13.01,18.04,13.95,20.29,19.01,27.81,23.82,23.08,30.07,29.55,25.58,23.92,28.94,25.15,21.62,17.48,16.03,20.61,12.48
10.41,13.21,12.94,13.3,13.31,13.48,17.4,13.94,20.23,19.7,27.28,23.3,23.06,30.75,28.92,26.01,23.71,29.64,24.34,21.5,17.46,16.49,19.34,11.89
10.69,13.77,12.76,13.49,12.91,13.9,16.44,13.92,20.41,20.12,26.5,22.94,23.31,31.19,27.99,26.06,23.62,30.13,23.3,21.32,17.42,16.9,18.66,11.62
10.64,14.29,12.22,13.49,12.44,14.47,15.06,13.86,21.33,20.34,25.39,22.62,24.7,31.49,26.74,25.92,23.65,30.48,21.98,21.22,17.42,17.15,18.33,11.43
10.52,14.45,11.9,13.3,13.02,15.08,13.3,13.77,24.01,20.42,23.31,22.33,26.77,31.78,25.12,25.65,24.53,30.66,21.42,21.15,17.54,17.12,18.11,11.31
11.19,14.21,11.74,13.2,14.05,15.28,12.8,13.73,26.24,20.33,22.17,22,28.73,32.12,24.16,25.4,25.9,30.7,21.23,21.14,18.9,16.83,18.07,11.19
11.93,13.65,11.51,13.21,14.75,15.26,12.64,13.8,27.43,20.05,21.7,21.67,30.13,32.33,23.87,25.24,27.46,30.59,21.16,21.11,21.09,16.42,18.01,10.99
12.12,12.76,11.12,13.01,15.28,15.05,12.87,13.92,27.68,19.51,21.1,21.39,30.49,32.23,23.75,25.37,28.49,30.12,21.03,21.03,22.48,15.9,18.02,10.81
12.21,10.89,10.62,12.9,15.8,14.48,13.15,14.16,27.82,18.79,20.48,21.27,30.26,31.83,23.64,25.33,28.99,29.23,20.8,21,23.15,15.36,17.95,10.79
12.64,10.03,10.32,12.95,16.05,13.38,13.24,14.69,28.02,17.9,19.96,22.98,29.85,30.85,23.78,25.57,29.12,27.07,20.71,20.89,23.44,15.3,18.27,11.21
13.44,10.12,10.27,13.55,16.25,12.44,13.3,16.11,28.3,16.92,19.49,25.07,29.58,29.14,23.91,27.73,29.07,25.94,20.47,20.91,23.42,15.34,18.66,11.68
13.72,10.01,10.3,14.73,16.25,12.69,13.29,17.64,27.87,16.48,19.01,26.98,29.37,28.11,23.95,30.62,28.84,25.94,20.3,22.05,23.13,15.33,19.09,12.3
13.55,9.44,10.22,16.1,16.03,12.74,13.2,19.06,27.11,15.89,18.64,28.37,28.98,27.84,24.08,33.17,28.37,26.12,20.24,24.05,22.6,15.23,19.19,13.04
13.05,9.45,10.11,17.24,15.62,12.9,13.12,19.68,26.31,15.68,18.41,29.12,28.49,27.47,24.31,34.12,27.61,26.22,20.21,25.68,21.77,15.07,19.15,13.69
11.73,9.77,10.12,17.65,15.07,13.12,13.04,19.76,25.77,15.35,18.15,29.37,27.79,26.75,24.6,34.5,26.53,26.23,20.13,26.43,19.84,14.9,19.21,14.37
11.35,9.79,10.04,17.72,14.12,12.9,13.23,19.68,24.52,15.27,19.26,29.3,27.04,26.12,25.37,34.31,25.13,26.23,19.99,26.57,18.43,14.82,19.21,15.05
11.28,9.8,10.22,17.34,13.81,12.83,15.53,19.6,23.05,15.22,21.06,29.08,25.76,25.78,27.13,33.77,23.78,26.19,20.35,26.39,18.13,14.62,19.26,15.7
11.08,9.67,11.98,17.39,13.79,12.55,17.58,19.55,23.03,15.18,22.67,28.8,24.68,25.61,28.83,33.17,23.4,25.97,21.71,26.02,17.9,14.5,19.76,16.01
10.73,9.91,13.36,17.64,13.76,12.19,19.4,19.37,23.26,14.91,23.76,28.44,24.76,25.54,29.8,32.51,23.35,25.69,23.27,25.47,17.8,14.5,20.62,15.94
11.19,10.3,14.44,17.37,13.56,12.41,20.12,19.01,23.1,14.57,24.5,27.9,24.94,25.57,29.95,31.76,23.34,25.39,24.57,24.65,17.87,14.37,21.32,15.48
11.49,10.06,15.05,16.01,13.15,12.42,20.24,18.36,22.64,14.12,24.97,27.08,24.65,25.62,29.75,30.9,23.27,25.15,25.48,23.46,18,14.19,22.06,14.07
11.44,9.86,15.23,13.8,12.88,12.42,20.26,17.19,22.15,15.23,25.22,26.05,23.98,26.35,29.71,29.6,23.13,24.98,25.83,21.91,18.12,13.92,22.16,13.76
11.45,9.64,14.99,13.11,12.7,13,20.08,15.55,21.58,17.02,25.28,24.67,23.36,27.73,29.83,27.83,22.96,26.08,25.89,21.37,18.18,13.84,22.11,14.02
11.45,11.01,14.61,12.87,12.49,13.54,19.74,15.34,21.2,18.48,25.15,23.33,22.97,29.21,29.74,28.1,22.85,29.06,25.8,21.05,18.07,14.41,21.59,14.44
11.31,11.75,14.31,13,12.33,14.04,19.42,15.2,21.1,19.3,24.71,22.76,22.77,30.3,29.39,28.56,22.83,31.69,25.43,20.86,17.97,15.43,20.46,14.04
11.44,12.08,14.01,13.11,12.26,14.48,19.13,14.89,21.1,19.9,23.99,22.4,22.82,30.78,28.79,28.6,22.79,33.08,24.67,20.8,17.94,16.27,18.82,13.22
11.46,12.55,13.47,12.96,12.24,14.75,18.65,14.69,21.26,20.5,23.08,22.11,23.08,30.79,28.08,28.44,22.76,33.56,23.54,20.83,18.06,17.21,17.12,12.32
11.59,13.02,13.15,12.68,12.08,14.94,17.26,14.67,22.51,20.9,21.84,21.81,24.33,30.74,27.21,28.26,22.77,33.5,22.09,21.01,17.94,17.89,16.34,11.63
11.79,13.32,13.1,11.98,12.83,15.9,15.71,14.42,25.05,21.19,20.25,21.55,26.28,30.94,26.05,28.11,24.03,33.18,21.51,21.14,17.83,18.32,15.8,11.15
12.06,13.27,12.88,11.73,14.8,16.71,15.57,14.02,27.17,21.23,19.16,21.33,28.37,31.12,25.87,28.05,25.84,32.65,21.44,21.05,18.73,18.36,14.83,10.89
12.8,13.08,12.33,11.53,16.42,17.12,15.3,13.7,29.27,21,19.14,21.14,30.4,30.87,25.78,28.05,27.58,31.97,21.55,20.89,20.68,18.08,14.4,10.69
13.41,12.65,11.86,11.65,17.61,17.27,14.76,13.4,30.76,20.4,18.64,20.92,30.94,30.32,25.78,28.15,28.9,31.19,21.69,20.8,22.07,17.48,14.15,10.68
14.06,11.58,11.68,11.61,18.23,17.01,14.29,13.62,31.91,19.48,18.79,20.84,30.9,29.28,25.63,28.37,29.65,30.23,21.76,20.76,22.72,16.05,13.9,10.63
14.62,11.17,11.65,10.97,18.23,15.69,13.92,14.51,32.65,18.34,18.62,22.38,30.63,28.11,25.48,28.87,29.92,28.44,21.76,20.65,22.91,15.44,13.68,10.54
15.02,11.26,11.64,11.05,17.9,15.52,13.62,16.39,32.7,17.14,18.3,24.25,30.35,26.71,25.1,31.63,29.79,27.51,21.69,20.88,22.62,15.29,13.83,10.47
15.07,11.2,11.6,12.82,17.62,15.43,13.57,17.94,32.33,16.72,17.98,26.17,30.21,25.75,24.59,34.58,29.48,27.56,21.59,22.08,22.19,15.07,14.3,11.77
14.82,10.93,10.98,13.21,17.22,14.86,13.83,19.46,31.65,16.58,17.68,27.58,30.13,25.39,24.07,36.15,28.98,27.66,21.49,23.16,21.8,14.79,14.37,14.13
14.16,10.57,10.25,13.25,16.58,13.93,14.15,20.66,30.7,16.38,17.65,28.28,29.86,25.22,23.57,36.45,28.18,27.3,21.36,24.3,21.1,14.49,13.89,15.9
12.71,10.23,9.33,13.02,15.55,13.61,14,21.12,29.41,16.01,17.83,28.37,29.18,25.23,23.15,36.35,27.02,27.06,21.18,25.58,19.68,14.26,13.79,17
12.28,9.92,8.74,12.9,14.11,13.55,14.33,20.8,27.35,15.86,19.01,28.15,28.15,25.47,23.71,36.1,25.64,26.65,21.01,26.27,19.03,14.38,13.83,17.76
12.24,9.77,8.9,13.05,13.77,13.69,16.55,20.05,24.71,15.68,20.65,27.84,26.58,25.65,25.61,35.89,24.41,26.45,21.31,26.04,18.87,14.49,13.68,18.15
12.11,9.61,11.43,13.05,13.59,14.33,18.3,19.32,23.9,15.5,22.23,27.56,25.19,25.73,27.43,35.75,23.9,26.52,23.37,25.57,18.75,14.33,13.94,18.05
11.68,9.45,13.39,12.91,13.41,14.41,18.6,19.17,23.44,15.35,23.48,27.15,24.66,25.67,28.94,35.58,23.62,26.48,25.35,25.11,18.69,14.26,14.72,17.59
11.23,9.44,14.75,12.65,13.29,13.73,19.43,19.08,23.05,15.25,24.35,26.48,24.37,26.03,29.74,35.13,23.36,26.16,26.51,24.35,18.64,14.01,15.23,16.54
10.99,9.79,15.01,12.26,13.24,13.48,20.76,18.37,22.78,15.12,24.77,25.64,24.11,26.22,30.17,34.29,23.01,25.62,27.1,23.09,18.45,13.73,15.51,14.45
10.77,10.18,14.99,11.81,13.24,13.76,21.25,17.11,22.58,16.34,24.87,24.59,23.87,27.13,30.3,32.69,22.64,25.48,27.22,21.42,18.3,13.44,15.69,14.19
10.82,10.26,14.81,11.62,13.18,15.55,21.07,15.74,22.43,17.62,24.72,23.22,23.76,29.17,30.27,30.8,22.46,26.41,27.02,20.92,18.14,13.22,15.83,14.45
10.78,11.37,14.58,11.7,13.02,17.5,20.86,15.45,22.15,19.26,24.39,22.16,23.67,31.05,30.06,30.5,22.37,28.62,26.66,20.74,17.92,14.19,15.9,14.35
10.73,12.21,14.22,10.88,12.88,17.69,20.36,15.45,21.9,21.24,23.98,21.65,23.76,31.99,29.64,30.62,22.23,30.12,26.1,20.88,17.66,16.37,15.8,13.39
10.91,12.83,13.51,10.17,12.76,18.8,19.68,15.44,21.74,22.16,23.34,21.51,23.87,32.2,29.01,30.77,22.07,30.88,25.23,20.92,17.4,17.8,15.28,12.3
10.97,13.63,12.69,9.56,12.56,19.62,18.81,15.53,21.79,22.44,22.49,21.7,23.91,32.01,28.16,30.8,22.01,31.03,24,20.86,17.16,18.62,14.2,11.82
10.96,13.91,12.02,9.64,12.28,21.19,17.82,15.83,23.3,22.51,21.54,22.02,24.78,31.83,27.09,30.76,22.07,30.94,22.26,20.76,16.99,18.97,13.86,11.72
10.78,13.89,11.55,9.48,13.28,22.49,17.4,16.05,26.32,22.69,20.51,22.21,26.4,31.73,25.57,30.68,23.79,30.78,21.41,20.66,17.05,19.01,13.75,11.78
11.08,13.67,11.29,9.27,15.2,23.08,17.57,15.84,28.57,22.71,19.62,22.22,28.95,31.59,24.92,30.68,25.66,30.32,21.38,20.53,17.5,18.76,13.69,11.85
11.65,13.44,11.17,9.12,16.37,22.89,17.58,15.37,30.59,22.24,19.14,22.14,30.39,31.37,24.57,30.96,27.65,29.58,21.19,20.42,17.6,18.26,13.62,11.77
13.3,13.08,11.17,9.25,17.12,21.89,17.69,14.87,32.41,21.31,18.87,22,31.06,30.88,24.17,31.27,29.15,28.65,20.96,20.26,17.44,17.45,13.62,11.65
14.76,12.62,11.21,9.15,17.67,20.26,17.83,14.38,33.59,19.98,18.75,21.88,31.08,30.26,23.8,31.36,30.03,27.56,20.62,19.99,17.48,15.65,13.83,11.77
15.68,12.18,11.3,8.86,18.04,17.8,17.69,14.8,34.28,18.74,18.66,23.12,30.63,29.24,23.55,30.26,30.34,26.19,20.22,19.8,17.57,15.26,14.29,11.96
16.03,11.65,11.39,8.87,18.17,16.18,17.06,16.79,34.64,17.84,18.57,24.94,30.17,27.53,23.39,30.82,30.12,25.32,20.11,20.01,17.73,15.37,14.85,11.98
15.95,11.65,11.32,9.56,18.01,15.32,17.07,18.02,34.65,17.31,18.56,26.48,29.81,26.73,23.26,32.57,29.8,24.97,20.2,21.51,17.98,15.32,15.17,12.84
15.5,11.37,11.28,9.94,17.62,14.54,16.85,18.98,34.4,16.87,18.61,27.45,29.24,26.46,23.2,34.15,29.34,24.64,20.32,22.45,17.8,14.97,15.32,15.15
14.73,11.3,11.24,10.65,16.94,13.8,16.18,19.64,33.91,16.69,18.68,27.88,28.37,26.41,23.38,35.12,28.66,24.19,20.36,23.51,17.21,14.75,15.4,16.62
13.26,11.34,11.17,11.53,16.07,13.05,16.06,20.04,33.01,16.73,18.83,28,27.15,26.46,23.45,35.78,27.73,23.65,20.49,24.5,16.39,14.38,15.45,17.33
12.87,11.44,10.83,12.09,14.44,12.26,16.19,20.22,30.7,16.66,20.22,27.98,25.79,26.42,23.97,36.18,26.29,23.15,20.58,25.51,15.99,14.06,15.46,17.9
12.95,11.78,10.84,12.42,13.61,11.65,17.81,20.18,27.88,16.42,22.47,27.99,24.3,26.3,26.28,36.19,25.08,22.73,20.94,25.87,15.87,13.72,15.48,18.25
12.71,12.12,11.53,12.6,13.2,11.44,19.75,20.01,26.4,16.15,24.51,27.77,23.12,26.2,28.85,35.94,24.86,22.31,22.26,25.25,15.64,13.42,15.63,18.19
12.4,12.36,12.46,12.58,12.89,11.64,20.76,19.58,25.42,16.09,25.94,27.32,22.76,26.15,30.33,35.42,24.63,21.95,24.09,24.35,15.51,13.26,15.73,17.73
12.18,12.52,13.38,12.36,12.54,11.83,21.48,18.95,24.65,16.14,26.87,26.63,22.55,26.05,30.86,34.64,24.34,21.65,25.48,23.23,15.4,13.28,15.71,16.66
12.07,12.67,14.43,11.83,12.1,11.56,21.9,18.09,24.02,16.3,27.42,25.74,22.4,25.88,30.86,33.47,24.01,21.4,26.23,21.94,15.26,13.28,15.73,14.76
11.85,12.83,15.42,10.38,11.62,12.22,22.04,16.97,23.56,17.23,27.57,24.84,22.23,26.58,30.69,31.92,23.73,21.2,26.48,20.73,15.2,13.15,15.48,14.39
11.89,12.93,16.6,10.11,11.21,13.12,21.87,15.33,23.37,18.98,27.37,23.51,21.97,28.31,30.65,29.49,23.44,22.59,26.33,20.57,15.2,12.9,15.04,14.69
11.96,12.76,17.3,9.94,10.77,13.66,21.55,14.61,23.32,21.21,26.93,22.11,21.68,29.77,30.5,29.02,23.16,24.03,26.02,20.17,15.23,13.72,14.79,14.3
12.08,12.37,17.19,9.72,10.35,14.3,21.3,14.3,23.35,22.98,26.31,21.65,21.37,30.85,29.99,29.16,23.12,25.33,25.62,19.98,15.27,15.58,14.58,13.32
12.38,11.41,16.6,9.61,9.95,14.9,21.01,13.73,23.45,24.12,25.54,21.47,21.08,31.35,29.26,29.36,23.29,26.37,24.94,19.96,15.31,16.95,14.37,12.6
12.38,10.8,15.4,9.73,9.7,15.13,20.6,13.35,23.54,24.84,24.65,21.39,21.05,31.49,28.27,29.41,23.51,27.13,23.8,19.97,15.34,17.57,14.22,12.19
12.12,10.75,14.19,9.94,10.01,15.71,19.51,13.1,24.94,25.15,23.51,21.38,22.31,31.39,27.1,29.14,23.59,27.5,22.06,19.93,15.32,17.97,14.29,11.95
11.78,10.83,13.92,10.26,11.65,16.53,18.08,12.86,28.37,25.24,22.19,21.42,23.99,31.05,25.38,28.51,25.05,27.56,21.25,19.73,15.32,18.34,14.39,12.02
12.18,10.76,13.57,10.36,12.82,16.9,17.45,12.61,31.29,25.01,21.23,21.58,25.65,30.59,24.97,27.59,27.08,27.39,21.07,19.4,15.94,18.43,14.4,12.23
